AÃ‘O,MES,CONGLOME,VIVIENDA,HOGAR,UBIGEO,DOMINIO,ESTRATO,PERIODO,TIPENC,FECENT,RESULT,PANEL,P22,P23,P24A,P24B,P25$1,P25$2,P25$3,P25$4,P25$5,P101,P102,P103,P103A,P104,P104A,P104B1,P104B2,P105A,P105B,P106,P106A,P106B,P107B1,P107C11,P107C12,P107C13,P107C14,P107C16,P107C17,P107C18,P107C19,P107C110,P107D1,P107B2,P107C21,P107C22,P107C23,P107C24,P107C26,P107C27,P107C28,P107C29,P107C210,P107D2,P107B3,P107C31,P107C32,P107C33,P107C34,P107C36,P107C37,P107C38,P107C39,P107C310,P107D3,P107B4,P107C41,P107C42,P107C43,P107C44,P107C46,P107C47,P107C48,P107C49,P107C410,P107D4,P107E,P110,P110A1,P110A,P110A_MODIFICADA,P110C,P110C1,P110C2,P110C3,P110D,P110E,P110F,P110G,P111A,P1121,P1123,P1124,P1125,P1126,P1127,P112A,P1131,P1132,P1133,P1135,P1136,P1139,P1137,P1138,P113A,P1141,P1142,P1143,P1144,P1145,P1171$01,P1171$02,P1171$04,P1171$05,P1171$06,P1171$07,P1171$08,P1171$09,P1171$10,P1171$11,P1171$12,P1171$13,P1171$14,P1171$15,P1171$16,P1172$01,P1172$02,P1172$04,P1172$05,P1172$06,P1172$07,P1172$08,P1172$09,P1172$10,P1172$11,P1172$12,P1172$13,P1172$14,P1172$15,P1172$16,P1173$01,P1173$02,P1173$04,P1173$05,P1173$06,P1173$07,P1173$08,P1173$09,P1173$10,P1173$11,P1173$12,P1173$13,P1173$14,P1173$15,P1173$16,P1174$01,P1174$02,P1174$04,P1174$05,P1174$06,P1174$07,P1174$08,P1174$09,P1174$10,P1174$11,P1174$12,P1174$13,P1174$14,P1174$15,P1174$16,P1175$01,P1175$02,P1175$04,P1175$05,P1175$06,P1175$07,P1175$08,P1175$09,P1175$10,P1175$11,P1175$12,P1175$13,P1175$14,P1175$15,P1175$16,P117T2,P117T3,P117T4,T110,P200I,P600I,P600D1,P600M1,P600A1,P600D2,P600M2,P600A2,P612I1,P612I11,P612I2,P612I22,P700I,P710I,P800I,P110I,TICUEST01,D105B,D106,D107D1,D107D2,D107D3,D107D4,D1172$01,D1173$01,D1174$01,D1172$02,D1173$02,D1174$02,D1172$04,D1173$04,D1174$04,D1172$05,D1173$05,D1174$05,D1172$06,D1173$06,D1174$06,D1172$07,D1173$07,D1174$07,D1172$08,D1173$08,D1174$08,D1172$09,D1173$09,D1174$09,D1172$10,D1173$10,D1174$10,D1172$15,D1173$15,D1174$15,D1172$16,D1173$16,D1174$16,D612I11,D1172$11,D1173$11,D1174$11,D1172$12,D1173$12,D1174$12,D1172$13,D1173$13,D1174$13,D1172$14,D1173$14,D1174$14,D612I22,I105B,I106,I1172$01,I1172$02,I1172$04,I1172$05,I1172$06,I1172$07,I1172$08,I1172$09,I1172$10,I1172$11,I1172$12,I1172$13,I1172$14,I1172$15,I1172$16,I1173$01,I1174$01,I1173$02,I1174$02,I1173$04,I1174$04,I1173$05,I1174$05,I1173$06,I1174$06,I1173$07,I1174$07,I1173$08,I1174$08,I1173$09,I1174$09,I1173$10,I1174$10,I1173$11,I1174$11,I1173$12,I1174$12,I1173$13,I1174$13,I1173$14,I1174$14,I1173$15,I1174$15,I1173$16,I1174$16,T111A,NBI1,NBI2,NBI3,NBI4,NBI5,FACTOR07,NCONGLOME,SUB_CONGLOME,CODCCPP,NOMCCPP,LONGITUD,LATITUD,ALTITUD
2022,2,5007,3.0,11,10101,7,4,1,3,20220220,1,1,2, ,3,1,0,0,0,1,0,1,3.0,3.5,4,1,0.0,3,3,2,376, , , ,2, , , , , , , , , , ,2, , , , , , , , , , ,2, , , , , , , , , , ,2, , , , , , , , , , , ,1,1,3,0.0,1,24, , ,2,1,1,1,1,1.0,0,0,0,0,0,2,0,0,0,0,0,0,0,0, ,0,1,0,1,0,1,1.0,0,0,0,0,0,0,0,0,1,0,1,0,0,0,0, , , , , , , , ,50, ,50, , ,0,0, , , , , , , , ,0, ,0, , , , , , , , , , , , , , , , , ,1,0,0,0,0,0,0,0,0,0,0,0,0,0,0,99.0,0,0.0,1,1.0,1.0,19,1,2022,2,2,2022,2, ,2, ,1,1,1,1.0,2,4527, , , , , ,0,0, ,0,0, , , , , , , , , , , , , , , , , , , , , , , , , , , , , , , , ,605,0, , , , ,605,0, , ,4527, ,0,0, , , , , , , , ,605, ,605, , ,0, ,0, , , , , , , , , , , , , , , , , ,0, , , ,0, , , , , ,1,0,0,0,0,0,45.2823715209961,7027.5,0,1,CIUDAD CHACHAPOYAS,-77.8739242553711,-6.22904920578003,2338
2022,2,5007,12.0,11,10101,7,4,1,3,20220203,1,1,2, ,2,1,0,0,0,1,0,1,4.0,5.0,4,1,1.0,3,2,2, ,166, , ,2, , , , , , , , , , ,2, , , , , , , , , , ,2, , , , , , , , , , ,2, , , , , , , , , , , ,1,1,3,0.0,1,24, , ,1,1,1,1,2,1.0,0,0,0,0,0,2,0,0,0,0,0,0,0,0, ,0,1,0,1,0,1,1.0,0,0,0,0,0,0,0,0,1,0,1,0,0,6,13, , , , , , , , ,10, ,20, , ,0,0, , , , , , , , ,0, ,0, , , , , , , , , , , , , , , , , ,0,0,0,0,0,0,0,0,0,0,0,0,0,0,0,50.0,0,0.0,1,1.0,1.0,19,1,2022,2,2,2022,2, ,2, ,1,1,1,1.0,2, ,1999, , , , ,72,0, ,157,0, , , , , , , , , , , , , , , , , , , , , , , , , , , , , , , , ,121,0, , , , ,242,0, , , ,1999,72,157, , , , , , , , ,121, ,242, , ,0, ,0, , , , , , , , , , , , , , , , , ,0, , , ,0, , , , , ,2,0,0,0,0,0,45.2823715209961,7027.5,0,1,CIUDAD CHACHAPOYAS,-77.8739242553711,-6.22904920578003,2338
2022,2,5007,22.0,11,10101,7,4,1,3,20220205,1,1,2, ,1,1,0,0,0,1,0,1,3.0,3.5,4,6,3.5,1,2,2, ,925,1,1,2, , , , , , , , , , ,2, , , , , , , , , , ,2, , , , , , , , , , ,2, , , , , , , , , , , ,1,1,3,0.0,1,24, , ,1,1,1,1,1,1.0,0,0,0,0,0,1,0,1,0,0,1,0,0,0,2,0,1,1,1,0,1,1.0,1,0,0,0,1,0,0,0,1,1,1,0,0,35,194,85, , , ,0, , , ,94,100,110, , ,0,0,0, , , ,0, , , ,0,0,0, , , , ,0, , , ,0, , , , , , , , ,0,0,0,0,0,0,2,0,0,0,0,0,0,0,0,397.875,0,0.0,1,2.0,3.0,24,1,2022,7,2,2022,2, ,2, ,1,1,1,2.0,2, ,11138, , , , ,421,0, ,2336,0, ,1023,0,0, , , , , , , , , ,0,0,0, , , , , , , , , , , , , , , , ,1137,0, ,1209,0, ,1330,0, , , ,11138,421,2336,1023, , , ,0, , , ,1137,1209,1330, , ,0, ,0, ,0,0, , , , , , ,0,0, , , , , , ,0, ,0, ,0, , , , , ,1,0,0,0,0,0,45.2823715209961,7027.5,0,1,CIUDAD CHACHAPOYAS,-77.8739242553711,-6.22904920578003,2338
2022,2,5007,50.0,11,10101,7,4,1,3,20220226,1,1,2, ,1,1,0,1,0,1,0,1,1.0,3.5,4,3,2.0,1,1,2, ,1851,1,1,2, , , , , , , , , , ,2, , , , , , , , , , ,2, , , , , , , , , , ,2, , , , , , , , , , , ,1,1,3,0.0,1,24, , ,1,1,1,1,1,1.0,0,0,0,0,0,1,0,1,0,0,1,0,0,0,2,0,1,0,1,0,1,1.0,1,0,0,0,1,0,0,0,1,0,1,0,0,0,0,53, , , ,0, , , ,0, ,0, , ,88,49,0, , , ,0, , , ,30, ,50, , , , ,0, , , ,0, , , , , , , , ,0,0,0,0,0,0,2,0,0,0,0,0,0,0,0,54.0,0,0.0,1,1.0,1.0,11,2,2022,25,2,2022,2, ,2, ,1,1,1,1.0,2, ,22288, , , , ,0,1060, ,0,590, ,638,0,0, , , , , , , , , ,0,0,0, , , , , , , , , , , , , , , , ,0,363, , , , ,0,605, , , ,22288,0,0,638, , , ,0, , , ,0, ,0, , ,1060, ,590, ,0,0, , , , , , ,0,0, , , , , , ,363, , , ,605, , , , , ,1,0,0,0,0,0,45.2823715209961,7027.5,0,1,CIUDAD CHACHAPOYAS,-77.8739242553711,-6.22904920578003,2338
2022,3,5009,56.0,11,10101,7,4,1,3,20220322,1,2,2,010109,1,2,0,1,0,0,0,1,3.0,4.0,4,1,1.0,3,3,2,198, , , ,2, , , , , , , , , , ,2, , , , , , , , , , ,2, , , , , , , , , , ,2, , , , , , , , , , , ,1,1,3,0.0,1,24, , ,1,1,1,1,2,1.0,0,0,0,0,0,2,0,1,0,0,1,0,0,0,2,0,1,0,1,0,1,1.0,1,0,0,0,1,0,0,0,1,0,1,0,0,19,19,55, , , ,0, , , ,40, ,43, , ,0,0,0, , , ,19, , , ,0, ,0, , , , ,0, , , ,0, , , , , , , , ,0,0,0,0,0,0,0,0,0,0,0,0,0,0,0,178.0,0,0.0,1,3.0,2.0,15,2,2022,1,3,2022,2, ,2, ,2,2,3,3.0,2,2387, , , , , ,229,0, ,229,0, ,663,0,0, , , , , , , , , ,0,229,0, , , , , , , , , , , , , , , , ,489,0, , , , ,526,0, , ,2387, ,229,229,663, , , ,0, , , ,489, ,526, , ,0, ,0, ,0,0, , , , , , ,229,0, , , , , , ,0, , , ,0, , , , , ,2,0,0,0,0,0,167.946182250977,7027.5,0,1,CIUDAD CHACHAPOYAS,-77.8612899780273,-6.22583484649658,2287
2022,3,5009,84.0,11,10101,7,4,1,3,20220302,1,2,2, ,1,2,0,1,0,0,0,1,3.0,5.0,4,1,0.0,3,3,2,128, , , ,2, , , , , , , , , , ,2, , , , , , , , , , ,2, , , , , , , , , , ,2, , , , , , , , , , , ,1,1,3,0.0,1,24, , ,1,1,1,1,2,1.0,0,0,0,0,0,2,0,1,0,0,0,0,0,0,2,0,1,0,0,0,1,1.0,1,0,0,0,0,0,0,0,1,0,0,0,0,9,9,56, , , , , , , ,10, , , , ,0,0,0, , , , , , , ,0, , , , , , ,0, , , , , , , , , , , , ,0,0,0,0,0,0,0,0,0,0,0,0,0,0,0,87.0,0,0.0,1,1.0,1.0,15,2,2022,1,3,2022,2, ,2, ,1,1,1,1.0,2,1543, , , , , ,109,0, ,109,0, ,675,0,0, , , , , , , , , , , , , , , , , , , , , , , , , , , , ,122,0, , , , , , , , ,1543, ,109,109,675, , , , , , , ,122, , , , ,0, ,0, ,0,0, , , , , , , , , , , , , , ,0, , , , , , , , , ,2,0,0,0,0,0,167.946182250977,7027.5,0,1,CIUDAD CHACHAPOYAS,-77.8612899780273,-6.22583484649658,2287
2022,3,5009,98.0,11,10101,7,4,1,3,20220303,1,1,2, ,3,3,0,1,0,0,0,1,1.0,5.0,4,1,0.0,3,3,2,267, , , ,2, , , , , , , , , , ,2, , , , , , , , , , ,2, , , , , , , , , , ,2, , , , , , , , , , , ,1,1,3,0.0,1,24, , ,1,1,1,1,2,1.0,0,0,0,0,0,2,0,1,0,0,1,0,0,0,2,0,1,0,0,0,1,1.0,1,0,0,0,1,0,0,0,1,0,0,0,0,11,12,85, , , ,0, , , ,10, , , , ,0,0,0, , , ,9, , , ,0, , , , , , ,0, , , ,0, , , , , , , , ,0,0,0,0,0,0,0,0,0,0,0,0,0,0,0,120.0,0,0.0,1,1.0,1.0,16,2,2022,2,3,2022,2, ,2, ,1,1,1,1.0,2,3219, , , , , ,133,0, ,145,0, ,1025,0,0, , , , , , , , , ,0,109,0, , , , , , , , , , , , , , , , ,122,0, , , , , , , , ,3219, ,133,145,1025, , , ,0, , , ,122, , , , ,0, ,0, ,0,0, , , , , , ,109,0, , , , , , ,0, , , , , , , , , ,2,0,0,0,0,0,167.946182250977,7027.5,0,1,CIUDAD CHACHAPOYAS,-77.8612899780273,-6.22583484649658,2287
2022,3,5009,126.0,11,10101,7,4,1,3,20220331,1,1,2, ,1,1,0,0,0,1,0,1,1.0,5.0,4,3,2.0,2,1,2, ,1851,2, ,2, , , , , , , , , , ,2, , , , , , , , , , ,2, , , , , , , , , , ,2, , , , , , , , , , , ,1,1,3,0.0,1,10, , ,1,1,1,1,1,1.0,0,0,0,0,0,1,0,1,0,0,1,0,0,0,2,0,1,1,1,0,1,1.0,1,0,0,0,1,0,0,0,1,1,1,0,0,28,109,113, , , ,0, , , ,40,50,60, , ,0,0,0, , , ,0, , , ,0,0,0, , , , ,0, , , ,0, , , , , , , , ,0,0,0,0,0,0,2,0,0,0,0,0,0,0,0,397.875,0,0.0,1,1.0,1.0,15,2,2022,1,3,2022,2, ,2, ,1,1,1,1.0,2, ,22318, , , , ,338,0, ,1314,0, ,1362,0,0, , , , , , , , , ,0,0,0, , , , , , , , , , , , , , , , ,489,0, ,611,0, ,733,0, , , ,22318,338,1314,1362, , , ,0, , , ,489,611,733, , ,0, ,0, ,0,0, , , , , , ,0,0, , , , , , ,0, ,0, ,0, , , , , ,1,0,0,0,0,0,167.946182250977,7027.5,0,1,CIUDAD CHACHAPOYAS,-77.8612899780273,-6.22583484649658,2287
2022,7,5027,6.0,11,10201,7,4,2,3,20220717,1,1,2, ,3,1,0,1,0,1,0,1,3.0,5.0,4,2,1.0,2,2,2, ,113, , ,2, , , , , , , , , , ,2, , , , , , , , , , ,2, , , , , , , , , , ,2, , , , , , , , , , , ,1,1,3,0.0,1,2, , ,1,3,1,1,2,1.0,0,0,0,0,0,2,0,1,0,0,0,0,0,0,2,0,1,0,0,0,1,1.0,1,0,0,0,0,0,0,0,1,0,0,0,0,9,24,37, , , , , , , ,10, , , , ,0,0,0, , , , , , , ,0, , , , , , ,0, , , , , , , , , , , , ,0,0,0,0,0,0,0,0,0,0,0,0,0,0,0,82.0,0,0.0,1,2.0,2.0,2,7,2022,16,7,2022,2, ,2, ,2,2,2,2.0,2, ,1350, , , , ,107,0, ,287,0, ,442,0,0, , , , , , , , , , , , , , , , , , , , , , , , , , , , ,121,0, , , , , , , , , ,1350,107,287,442, , , , , , , ,121, , , , ,0, ,0, ,0,0, , , , , , , , , , , , , , ,0, , , , , , , , , ,2,0,0,0,0,0,188.995742797852,6599.0,0,1,CIUDAD BAGUA,-78.5273132324219,-5.62991380691528,503
2022,7,5027,18.0,11,10201,7,4,2,3,20220725,1,1,2, ,1,1,0,0,0,1,0,1,1.0,3.5,4,3,2.0,3,3,2,693, , , ,2, , , , , , , , , , ,2, , , , , , , , , , ,2, , , , , , , , , , ,2, , , , , , , , , , , ,1,1,3,0.0,2, ,4,2,1,5,1,1,1,1.0,0,0,0,0,0,1,0,1,0,0,0,0,0,0,2,0,1,1,1,0,1,1.0,1,0,0,0,0,0,0,0,1,1,1,0,0,29,68,88, , , , , , , ,30,10,30, , ,0,0,0, , , , , , , ,0,0,0, , , , ,0, , , , , , , , , , , , ,0,0,0,0,0,0,0,0,0,0,0,0,0,0,0,257.0,0,0.0,1,2.0,2.0,2,7,2022,16,7,2022,2, ,2, ,2,2,2,2.0,2,8277, , , , , ,346,0, ,812,0, ,1051,0,0, , , , , , , , , , , , , , , , , , , , , , , , , , , , ,362,0, ,121,0, ,362,0, , ,8277, ,346,812,1051, , , , , , , ,362,121,362, , ,0, ,0, ,0,0, , , , , , , , , , , , , , ,0, ,0, ,0, , , , , ,1,0,0,0,0,0,188.995742797852,6599.0,0,1,CIUDAD BAGUA,-78.5273132324219,-5.62991380691528,503
2022,7,5027,44.0,11,10201,7,4,2,3,20220801,1,1,2,110101,1,3,0,1,0,1,0,1,3.0,5.0,4,4,3.0,2,2,2, ,462,2, ,2, , , , , , , , , , ,2, , , , , , , , , , ,2, , , , , , , , , , ,2, , , , , , , , , , , ,1,2,3,0.0,2, ,4,3,1,3,2, ,1,1.0,0,0,0,0,0,1,0,1,0,0,1,0,0,0,2,0,1,1,1,0,1,1.0,1,0,0,0,1,0,0,0,1,1,1,0,0,0,90,58, , , ,0, , , ,85,30,120, , ,0,0,0, , , ,0, , , ,0,0,0, , , , ,0, , , ,0, , , , , , , , ,3,0,0,0,0,0,2,0,0,0,0,0,0,0,0,383.0,0,0.0,1,2.0,2.0,5,7,2022,19,7,2022,2, ,2, ,2,2,2,2.0,2, ,5478, , , , ,0,0, ,1067,0, ,688,0,0, , , , , , , , , ,0,0,0, , , , , , , , , , , , , , , , ,1019,0, ,360,0, ,1439,0, , , ,5478,290,1067,688, , , ,0, , , ,1019,360,1439, , ,0, ,0, ,0,0, , , , , , ,0,0, , , , , , ,0, ,0, ,0, , , , , ,1,0,0,0,0,0,188.995742797852,6599.0,0,1,CIUDAD BAGUA,-78.5273132324219,-5.62991380691528,503
2022,7,5027,55.0,11,10201,7,4,2,3,20220720,1,1,2, ,3,3,0,1,0,1,0,1,3.0,6.0,4,4,2.0,2,2,2, ,370, , ,2, , , , , , , , , , ,2, , , , , , , , , , ,2, , , , , , , , , , ,2, , , , , , , , , , , ,1,2,3,0.0,1,24, , ,1,1,2, ,1,1.0,0,0,0,0,0,1,0,1,0,0,1,0,0,0,6,0,1,1,1,0,1,1.0,1,0,0,0,1,0,0,0,1,1,1,0,0,0,12,68, , , ,0, , , ,68,10,75, , ,0,0,0, , , ,0, , , ,0,0,0, , , , ,0, , , ,0, , , , , , , , ,3,0,0,0,0,0,2,0,0,0,0,0,0,0,0,233.0,0,0.0,1,2.0,2.0,1,7,2022,15,7,2022,2, ,2, ,2,2,2,2.0,2, ,4419, , , , ,0,0, ,143,0, ,812,0,0, , , , , , , , , ,0,0,0, , , , , , , , , , , , , , , , ,822,0, ,121,0, ,906,0, , , ,4419,290,143,812, , , ,0, , , ,822,121,906, , ,0, ,0, ,0,0, , , , , , ,0,0, , , , , , ,0, ,0, ,0, , , , , ,1,0,0,0,0,0,188.995742797852,6599.0,0,1,CIUDAD BAGUA,-78.5273132324219,-5.62991380691528,503
2022,7,5027,65.0,11,10201,7,4,2,3,20220718,1,1,2, ,3,3,0,1,0,0,0,1,3.0,6.0,4,1,1.0,2,2,2, ,138, , ,2, , , , , , , , , , ,2, , , , , , , , , , ,2, , , , , , , , , , ,2, , , , , , , , , , , ,1,2,3,0.0,1,24, , ,1,3,2, ,7,1.0,0,0,0,0,0,1,0,1,0,0,1,0,1,0,6,0,1,0,1,0,1,1.0,1,0,0,0,1,0,0,0,1,0,1,1,0,0,9,53, , , ,0, , , ,28, ,28,0, ,0,0,0, , , ,0, , , ,0, ,0,0, , , ,0, , , ,0, , , , , , ,0, ,3,0,0,0,0,0,2,0,0,0,0,0,0,2,0,119.0,0,0.0,1,1.0,1.0,3,7,2022,17,7,2022,2, ,2, ,1,1,1,1.0,2, ,1648, , , , ,0,0, ,107,0, ,633,0,0, , , , , , , , , ,0,0,0, , , , , , ,0,0,0, , , , , , , ,338,0, , , , ,338,0, , , ,1648,108.5,107,633, , , ,0, , , ,338, ,338,0, ,0, ,0, ,0,0, , , , , , ,0,0, , , , , , ,0, , , ,0, ,0,0, , ,10,0,0,0,0,0,188.995742797852,6599.0,0,1,CIUDAD BAGUA,-78.5273132324219,-5.62991380691528,503
2022,7,5027,78.0,11,10201,7,4,2,3,20220720,1,1,2, ,3,3,0,1,0,1,0,1,1.0,6.0,4,2,1.0,2,2,2, ,231,2, ,2, , , , , , , , , , ,2, , , , , , , , , , ,2, , , , , , , , , , ,2, , , , , , , , , , , ,1,2,3,0.0,1,24, , ,1,3,2, ,1,1.0,0,0,0,0,0,1,0,0,0,0,1,0,1,0,6,0,1,1,0,0,1,1.0,0,0,0,0,1,0,0,0,1,1,0,1,0,0,7, , , , ,0, , , ,10,10, ,0, ,0,0, , , , ,0, , , ,0,0, ,0, , , , , , , ,0, , , , , , ,0, ,3,0,0,0,0,0,2,0,0,0,0,0,0,2,0,27.0,0,0.0,1,1.0,1.0,5,7,2022,19,7,2022,2, ,2, ,1,1,1,1.0,2, ,2759, , , , ,0,0, ,84,0, , , , , , , , , , , , , ,0,0,0, , , , , , ,0,0,0, , , , , , , ,121,0, ,121,0, , , , , , ,2759,108.5,84, , , , ,0, , , ,121,121, ,0, ,0, ,0, , , , , , , , , ,0,0, , , , , , ,0, ,0, , , ,0,0, , ,1,0,0,0,0,0,188.995742797852,6599.0,0,1,CIUDAD BAGUA,-78.5273132324219,-5.62991380691528,503
2022,1,5030,8.0,11,10201,7,4,2,3,20220114,1, ,2, ,1,2,0,1,0,1,0,1,1.0,5.0,4,7,3.5,1,2,2, ,740,1,1,2, , , , , , , , , , ,2, , , , , , , , , , ,2, , , , , , , , , , ,2, , , , , , , , , , , ,1,2,3,0.0,2, ,4,2,2,4,1,1,1,1.0,0,0,0,0,0,1,0,1,0,0,1,0,0,0,2,0,1,1,0,0,1,1.0,1,0,0,0,1,0,0,0,1,1,0,0,0,23,132,56, , , ,14, , , ,10,30, , , ,0,0,0, , , ,0, , , ,0,0, , , , , ,0, , , ,0, , , , , , , , ,0,0,0,0,0,0,0,0,0,0,0,0,0,0,0,269.0,0,0.0,1,1.0,2.0,30,12,2022,13,1,2022,2, ,2, ,2,2,2,1.0,2, ,9018, , , , ,280,0, ,1609,0, ,682,0,0, , , , , , , , , ,171,0,0, , , , , , , , , , , , , , , , ,121,0, ,363,0, , , , , , ,9018,280,1609,682, , , ,171, , , ,121,363, , , ,0, ,0, ,0,0, , , , , , ,0,0, , , , , , ,0, ,0, , , , , , , ,1,0,0,0,0,0,106.890243530273,6618.0,0,1,BAGUA,-78.5312118530273,-5.63599729537964,429
2022,1,5030,17.0,11,10201,7,4,2,3,20220114,1, ,2, ,1,2,0,0,0,1,0,1,1.0,3.5,4,6,2.0,1,1,2, ,555,1,1,2, , , , , , , , , , ,2, , , , , , , , , , ,2, , , , , , , , , , ,2, , , , , , , , , , , ,1,2,3,0.0,2, ,4,1,2,4,1,1,1,1.0,0,0,0,0,0,1,0,1,0,0,0,0,0,0,2,0,1,1,1,0,1,1.0,1,0,0,0,0,0,0,0,1,1,1,0,0,147,196,162, , , , , , , ,50,30,60, , ,0,0,0, , , , , , , ,0,0,0, , , , ,0, , , , , , , , , , , , ,0,0,0,0,0,0,0,0,0,0,0,0,0,0,0,397.875,0,0.0,1,1.0,1.0,30,12,2022,13,1,2022,2, ,2, ,1,1,1,1.0,2, ,6764, , , , ,1791,0, ,2389,0, ,1974,0,0, , , , , , , , , , , , , , , , , , , , , , , , , , , , ,604,0, ,363,0, ,725,0, , , ,6764,1791,2389,1974, , , , , , , ,604,363,725, , ,0, ,0, ,0,0, , , , , , , , , , , , , , ,0, ,0, ,0, , , , , ,1,0,0,0,0,0,106.890243530273,6618.0,0,1,BAGUA,-78.5312118530273,-5.63599729537964,429
2022,1,5030,33.0,11,10201,7,4,2,3,20220113,1, ,2, ,3,3,0,1,0,1,0,1,1.0,6.0,4,1,0.0,2,2,2, ,138,2, ,2, , , , , , , , , , ,2, , , , , , , , , , ,2, , , , , , , , , , ,2, , , , , , , , , , , ,1,2,3,0.0,1,3, , ,2,3,1,1,1,1.0,0,0,0,0,0,2,0,1,0,0,0,0,0,0,2,0,1,0,1,0,1,1.0,1,0,0,0,0,0,0,0,1,0,1,0,0,3,8,53, , ,11, , , , ,15, ,15, , ,0,0,0, , ,0, , , , ,0, ,0, , , , ,0, , ,0, , , , , , , , , ,0,0,0,0,0,0,0,0,0,0,0,0,0,0,0,108.0,0,0.0,1,1.0,1.0,29,12,2022,12,1,2022,2, ,2, ,1,1,1,1.0,2, ,1682, , , , ,37,0, ,97,0, ,646,0,0, , , , , , ,134,0,0, , , , , , , , , , , , , , , , , , , ,181,0, , , , ,181,0, , , ,1682,37,97,646, , ,134, , , , ,181, ,181, , ,0, ,0, ,0,0, , , , ,0,0, , , , , , , , ,0, , , ,0, , , , , ,1,0,0,0,0,0,106.890243530273,6618.0,0,1,BAGUA,-78.5312118530273,-5.63599729537964,429
2022,1,5030,50.0,11,10201,7,4,2,3,20220115,1, ,2, ,1,1,0,1,0,1,0,1,1.0,5.0,4,6,1.0,1,2,2, ,282,2, ,2, , , , , , , , , , ,2, , , , , , , , , , ,2, , , , , , , , , , ,2, , , , , , , , , , , ,1,2,3,0.0,1,2, , ,1,1,1,1,1,1.0,0,0,0,0,0,1,0,1,0,0,1,0,0,0,2,0,1,1,0,0,1,1.0,1,0,0,0,1,0,0,0,1,1,0,0,0,22,49,51, , , ,0, , , ,37,30, , , ,0,0,0, , , ,0, , , ,0,0, , , , , ,0, , , ,0, , , , , , , , ,0,0,0,0,0,0,2,0,0,0,0,0,0,0,0,191.0,0,0.0,1,1.0,2.0,31,12,2022,14,1,2022,2, ,2, ,2,2,2,1.0,2, ,3437, , , , ,268,0, ,597,0, ,622,0,0, , , , , , , , , ,0,0,0, , , , , , , , , , , , , , , , ,447,0, ,363,0, , , , , , ,3437,268,597,622, , , ,0, , , ,447,363, , , ,0, ,0, ,0,0, , , , , , ,0,0, , , , , , ,0, ,0, , , , , , , ,1,0,0,0,0,0,106.890243530273,6618.0,0,1,BAGUA,-78.5312118530273,-5.63599729537964,429
2022,1,5030,59.0,11,10201,7,4,2,3,20220115,1, ,2, ,2,1,0,1,0,1,0,1,3.0,5.0,4,3,2.0,2,2,2, ,250, , ,2, , , , , , , , , , ,2, , , , , , , , , , ,2, , , , , , , , , , ,2, , , , , , , , , , , ,1,2,3,0.0,1,2, , ,2,3,1,1,1,1.0,0,0,0,0,0,1,0,1,0,0,1,0,1,0,6,0,1,1,0,0,1,1.0,1,0,0,0,1,0,0,0,1,1,0,1,0,19,34,39, , , ,0, , , ,106,30, ,0, ,0,0,0, , , ,0, , , ,0,0, ,0, , , ,0, , , ,0, , , , , , ,0, ,0,0,0,0,0,0,2,0,0,0,0,0,0,2,0,228.0,0,0.0,1,2.0,2.0,31,12,2022,14,1,2022,2, ,2, ,2,2,2,2.0,2, ,3047, , , , ,232,0, ,414,0, ,475,0,0, , , , , , , , , ,0,0,0, , , , , , ,0,0,0, , , , , , , ,1281,0, ,363,0, , , , , , ,3047,232,414,475, , , ,0, , , ,1281,363, ,0, ,0, ,0, ,0,0, , , , , , ,0,0, , , , , , ,0, ,0, , , ,0,0, , ,1,0,0,0,0,0,106.890243530273,6618.0,0,1,BAGUA,-78.5312118530273,-5.63599729537964,429
2022,8,5036,14.0,11,10206,7,5,3,3,20220820,1,1,2, ,1,2,0,1,0,1,0,1,3.0,5.0,4,4,3.0,2,2,2, ,185, , ,2, , , , , , , , , , ,2, , , , , , , , , , ,2, , , , , , , , , , ,2, , , , , , , , , , , ,1,2,3,0.0,1,24, , ,2,1,1,2,1,1.0,0,0,0,0,0,2,0,1,0,0,1,0,1,0,6,0,1,0,1,0,1,1.0,1,0,0,0,1,0,0,0,1,0,1,1,0,2,28,56, , , ,0, , , ,44, ,79,0, ,0,0,0, , , ,0, , , ,0, ,0,0, , , ,0, , , ,0, , , , , , ,0, ,0,0,0,0,0,0,2,0,0,0,0,0,0,2,0,210.0,0,0.0,1,1.0,2.0,5,8,2022,19,8,2022,2, ,2, ,1,1,1,1.0,2, ,2194, , , , ,24,0, ,332,0, ,664,0,0, , , , , , , , , ,0,0,0, , , , , , ,0,0,0, , , , , , , ,528,0, , , , ,947,0, , , ,2194,24,332,664, , , ,0, , , ,528, ,947,0, ,0, ,0, ,0,0, , , , , , ,0,0, , , , , , ,0, , , ,0, ,0,0, , ,1,0,0,0,0,0,188.995742797852,6637.0,0,1,CENTRO POBLADO MENOR LA PECA,-78.434440612793,-5.61117649078369,901
2022,8,5036,32.0,11,10206,7,5,3,3,20220823,1,1,2, ,1,1,0,1,0,1,0,1,3.0,5.0,4,4,2.0,1,2,2, ,138,2, ,2, , , , , , , , , , ,2, , , , , , , , , , ,2,0,2,0,0,0,0,0,0,0,7000,2, , , , , , , , , , ,2,1,2,3,0.0,1,24, , ,2,1,1,2,1,1.0,0,0,0,0,0,1,0,1,0,0,1,0,0,0,2,0,1,1,1,0,1,1.0,1,0,0,0,1,0,0,0,1,1,1,0,0,2,34,56, , , ,0, , , ,55,35,40, , ,0,0,0, , , ,0, , , ,0,0,0, , , , ,0, , , ,0, , , , , , , , ,0,0,0,0,0,0,2,0,0,0,0,0,0,0,0,223.0,0,0.0,1,1.0,2.0,5,8,2022,19,8,2022,2, ,2, ,1,1,1,1.0,2, ,1636, , ,7127, ,24,0, ,403,0, ,664,0,0, , , , , , , , , ,0,0,0, , , , , , , , , , , , , , , , ,659,0, ,420,0, ,480,0, , , ,1636,24,403,664, , , ,0, , , ,659,420,480, , ,0, ,0, ,0,0, , , , , , ,0,0, , , , , , ,0, ,0, ,0, , , , , ,1,0,0,0,0,0,188.995742797852,6637.0,0,1,CENTRO POBLADO MENOR LA PECA,-78.434440612793,-5.61117649078369,901
2022,8,5036,52.0,11,10206,7,5,3,3,20220819,1,1,2, ,1,1,0,1,0,1,0,1,3.0,5.0,4,3,2.0,2,2,2, ,277, , ,2, , , , , , , , , , ,2, , , , , , , , , , ,2, , , , , , , , , , ,2, , , , , , , , , , , ,1,2,3,0.0,1,24, , ,2,1,1,2,1,1.0,0,0,0,0,0,1,0,1,0,0,1,0,1,0,2,0,1,1,0,0,1,1.0,1,0,0,0,1,0,0,0,1,1,0,1,0,2,24,54, , , ,0, , , ,77,12, ,0, ,0,0,0, , , ,0, , , ,0,0, ,0, , , ,0, , , ,0, , , , , , ,0, ,0,0,0,0,0,0,2,0,0,0,0,0,0,2,0,171.0,0,0.0,1,1.0,1.0,3,8,2022,17,8,2022,2, ,2, ,1,1,1,1.0,2, ,3285, , , , ,24,0, ,285,0, ,640,0,0, , , , , , , , , ,0,0,0, , , , , , ,0,0,0, , , , , , , ,923,0, ,144,0, , , , , , ,3285,24,285,640, , , ,0, , , ,923,144, ,0, ,0, ,0, ,0,0, , , , , , ,0,0, , , , , , ,0, ,0, , , ,0,0, , ,1,0,0,0,0,0,188.995742797852,6637.0,0,1,CENTRO POBLADO MENOR LA PECA,-78.434440612793,-5.61117649078369,901
2022,8,5036,72.0,11,10206,7,5,3,3,20220820,1,1,2, ,1,2,0,1,0,1,0,1,3.0,5.0,4,2,1.0,2,2,2, ,189,1,1,2, , , , , , , , , , ,2, , , , , , , , , , ,2, , , , , , , , , , ,2, , , , , , , , , , , ,1,2,3,0.0,1,24, , ,2,1,1,2,1,1.0,0,0,0,0,0,1,0,1,0,0,1,0,1,0,2,0,1,1,0,0,1,1.0,1,0,0,0,1,0,0,0,1,1,0,1,0,2,15,47, , , ,0, , , ,5,18, ,0, ,0,0,0, , , ,0, , , ,0,0, ,0, , , ,0, , , ,0, , , , , , ,0, ,0,0,0,0,0,0,2,0,0,0,0,0,0,2,0,89.0,0,0.0,1,1.0,1.0,3,8,2022,17,8,2022,2, ,2, ,1,1,1,1.0,2, ,2241, , , , ,24,0, ,178,0, ,557,0,0, , , , , , , , , ,0,0,0, , , , , , ,0,0,0, , , , , , , ,60,0, ,216,0, , , , , , ,2241,24,178,557, , , ,0, , , ,60,216, ,0, ,0, ,0, ,0,0, , , , , , ,0,0, , , , , , ,0, ,0, , , ,0,0, , ,1,0,0,0,0,0,188.995742797852,6637.0,0,1,CENTRO POBLADO MENOR LA PECA,-78.434440612793,-5.61117649078369,901
2022,8,5036,89.0,11,10206,7,5,3,3,20220819,1,1,2, ,1,1,0,1,0,1,0,1,3.0,5.0,4,1,0.0,2,2,2,99, , , ,2, , , , , , , , , , ,2, , , , , , , , , , ,2, , , , , , , , , , ,2, , , , , , , , , , , ,1,2,3,0.0,1,24, , ,1,1,1,2,4,1.0,0,0,0,0,0,1,0,1,0,0,0,0,0,0,2,0,1,0,1,0,1,1.0,1,0,0,0,0,0,0,0,1,0,1,0,0,2,15,55, , , , , , , ,35, ,85, , ,0,0,0, , , , , , , ,0, ,0, , , , ,0, , , , , , , , , , , , ,0,0,0,0,0,0,0,0,0,0,0,0,0,0,0,194.0,0,0.0,1,1.0,1.0,4,8,2022,18,8,2022,2, ,2, ,1,1,1,1.0,2,1174, , , , , ,24,0, ,178,0, ,652,0,0, , , , , , , , , , , , , , , , , , , , , , , , , , , , ,420,0, , , , ,1019,0, , ,1174, ,24,178,652, , , , , , , ,420, ,1019, , ,0, ,0, ,0,0, , , , , , , , , , , , , , ,0, , , ,0, , , , , ,4,0,0,0,0,0,188.995742797852,6637.0,0,1,CENTRO POBLADO MENOR LA PECA,-78.434440612793,-5.61117649078369,901
2022,9,5038,11.0,11,10701,7,4,2,3,20220910,1,1,2, ,1,1,0,1,0,1,0,1,1.0,5.0,4,3,2.0,2,2,2, ,370,1,2,2, , , , , , , , , , ,2, , , , , , , , , , ,2, , , , , , , , , , ,2, , , , , , , , , , , ,1,1,3,0.0,2, ,3,2,2,3,1,1,1,1.0,0,0,0,0,0,1,0,1,0,0,1,0,0,0,2,0,1,1,0,0,1,1.0,1,0,0,0,1,0,0,0,1,1,0,0,0,7,58,49, , , ,0, , , ,20,10, , , ,0,0,0, , , ,0, , , ,0,0, , , , , ,0, , , ,0, , , , , , , , ,0,0,0,0,0,0,2,0,0,0,0,0,0,0,0,146.0,0,0.0,1,1.0,1.0,26,8,2022,9,9,2022,2, ,2, ,1,1,1,1.0,2, ,4400, , , , ,83,0, ,690,0, ,583,0,0, , , , , , , , , ,0,0,0, , , , , , , , , , , , , , , , ,236,0, ,118,0, , , , , , ,4400,83,690,583, , , ,0, , , ,236,118, , , ,0, ,0, ,0,0, , , , , , ,0,0, , , , , , ,0, ,0, , , , , , , ,1,0,0,0,0,0,98.2130889892578,6668.0,0,1,CIUDAD BAGUA GRANDE,-78.4435195922852,-5.75382280349731,438
2022,9,5038,34.0,11,10701,7,4,2,3,20220911,1,1,2, ,3,3,0,1,0,1,0,1,1.0,5.0,4,4,3.0,2,2,2, ,462,3, ,2, , , , , , , , , , ,2, , , , , , , , , , ,2, , , , , , , , , , ,2,0,0,0,4,0,0,0,9,0,20000,2,1,1,3,0.0,2, ,4,1,2,1,1,1,6,1.0,0,0,0,0,0,1,0,1,0,0,0,0,0,0,2,0,1,0,1,0,1,1.0,1,0,0,0,0,0,0,0,1,0,1,0,0,26,34,51, , , , , , , ,105, ,95, , ,0,0,0, , , , , , , ,0, ,0, , , , ,0, , , , , , , , , , , , ,0,0,0,0,0,0,0,0,0,0,0,0,0,0,0,311.0,0,0.0,1,1.0,3.0,25,8,2022,8,9,2022,2, ,2, ,1,1,1,1.0,2, ,5493, , , ,20244,309,0, ,404,0, ,606,0,0, , , , , , , , , , , , , , , , , , , , , , , , , , , , ,1240,0, , , , ,1122,0, , , ,5493,309,404,606, , , , , , , ,1240, ,1122, , ,0, ,0, ,0,0, , , , , , , , , , , , , , ,0, , , ,0, , , , , ,6,0,0,0,0,0,98.2130889892578,6668.0,0,1,CIUDAD BAGUA GRANDE,-78.4435195922852,-5.75382280349731,438
2022,9,5038,40.0,11,10701,7,4,2,3,20220909,1,1,2, ,3,2,0,1,0,1,0,1,3.0,5.0,4,3,2.0,2,2,2, ,370,2, ,2, , , , , , , , , , ,2, , , , , , , , , , ,2, , , , , , , , , , ,2, , , , , , , , , , , ,1,1,3,0.0,2, ,4,2,2,3,1,1,1,1.0,0,0,0,0,0,1,0,0,0,0,1,0,0,0,6,0,1,1,0,0,1,1.0,0,0,0,0,1,0,0,0,1,1,0,0,0,26,0, , , , ,0, , , ,20,0, , , ,0,21, , , , ,0, , , ,0,20, , , , , , , , , ,0, , , , , , , , ,0,0,0,0,0,0,2,0,0,0,0,0,0,0,0,46.0,0,0.0,1,1.0,2.0,25,8,2022,8,9,2022,2, ,2,20,1,1,1,1.0,2, ,4400, , , , ,309,0, ,0,250, , , , , , , , , , , , , ,0,0,0, , , , , , , , , , , , , , , , ,236,0, ,0,236, , , , ,20, ,4400,309,0, , , , ,0, , , ,236,0, , , ,0, ,250, , , , , , , , , ,0,0, , , , , , ,0, ,236, , , , , , , ,1,0,0,0,0,0,98.2130889892578,6668.0,0,1,CIUDAD BAGUA GRANDE,-78.4435195922852,-5.75382280349731,438
2022,9,5038,48.0,11,10701,7,4,2,3,20220910,1,1,2, ,1,1,0,1,0,1,0,1,1.0,3.5,4,7,3.5,1,2,2, ,99999,1,1,2, , , , , , , , , , ,2, , , , , , , , , , ,2, , , , , , , , , , ,2, , , , , , , , , , , ,1,1,3,0.0,2, ,4,1,2,4,1,1,1,1.0,0,0,0,0,0,2,0,1,0,0,0,0,0,0,2,0,1,1,1,0,1,1.0,1,0,0,0,0,0,0,0,1,1,1,0,0,98,343,50, , , , , , , ,48,20,10, , ,0,0,0, , , , , , , ,0,0,0, , , , ,0, , , , , , , , , , , , ,0,0,0,0,0,0,0,0,0,0,0,0,0,0,0,397.875,0,0.0,1,2.0,2.0,24,8,2022,7,9,2022,2,400,2, ,2,2,2,2.0,2, ,999999, , , , ,1165,0, ,4078,0, ,595,0,0, , , , , , , , , , , , , , , , , , , , , , , , ,405, , , ,567,0, ,236,0, ,118,0, , , ,3810,1165,4078,595, , , , , , , ,567,236,118, , ,0, ,0, ,0,0, , , , , , , , , , , , , , ,0, ,0, ,0, , , , , ,1,0,0,0,0,0,98.2130889892578,6668.0,0,1,CIUDAD BAGUA GRANDE,-78.4435195922852,-5.75382280349731,438
2022,3,5039,22.0,11,10701,7,4,3,3,20220319,1,1,2,010701,1,1,0,0,0,1,0,1,1.0,3.5,4,4,2.0,1,1,2, ,694,1,1,2, , , , , , , , , , ,2, , , , , , , , , , ,2, , , , , , , , , , ,2, , , , , , , , , , , ,1,1,3,0.0,2, ,3,2,1,5,1,1,1,1.0,0,0,0,0,0,1,0,1,0,0,0,0,0,0,2,0,1,1,1,0,1,1.0,1,0,0,0,0,0,0,0,1,1,1,0,0,27,88,88, , , , , , ,30,55,35,110, , ,0,0,0, , , , , , ,0,0,0,0, , , , ,0, , , , , , , , , , , , ,0,0,0,0,0,0,0,0,0,0,0,0,0,0,0,397.875,0,0.0,1,1.0,1.0,4,3,2022,18,3,2022,2,75000,2, ,1,1,1,1.0,2, ,8368, , , , ,326,0, ,1061,0, ,1061,0,0, , , , , , , , , , , , , , , , , , , , , , , , ,79932,367,0, ,672,0, ,428,0, ,1344,0, , , ,8368,326,1061,1061, , , , , , ,367,672,428,1344, , ,0, ,0, ,0,0, , , , , , , , , , , , ,0, ,0, ,0, ,0, , , , , ,1,0,0,0,0,0,94.9512100219727,6673.0,0,1,CIUDAD BAGUA GRANDE,-78.4372100830078,-5.75542783737183,437
2022,3,5039,83.0,11,10701,7,4,3,3,20220319,1,2,2, ,1,1,0,0,0,1,0,1,1.0,5.0,4,2,1.0,1,1,2,247, , , ,2, , , , , , , , , , ,2, , , , , , , , , , ,2, , , , , , , , , , ,2, , , , , , , , , , , ,1,1,3,0.0,2, ,4,3,2,4,1,1,1,1.0,0,0,0,0,0,2,0,1,0,0,0,0,0,0,2,0,1,0,1,0,1,1.0,1,0,0,0,0,0,0,0,1,0,1,0,0,19,37,29, , , , , , , ,30, ,40, , ,0,0,0, , , , , , , ,0, ,0, , , , ,0, , , , , , , , , , , , ,0,0,0,0,0,0,0,0,0,0,0,0,0,0,0,156.0,0,0.0,1,1.0,1.0,4,3,2022,18,3,2022,2, ,2, ,1,1,1,1.0,2,2978, , , , , ,229,0, ,446,0, ,350,0,0, , , , , , , , , , , , , , , , , , , , , , , , , , , , ,367,0, , , , ,489,0, , ,2978, ,229,446,350, , , , , , , ,367, ,489, , ,0, ,0, ,0,0, , , , , , , , , , , , , , ,0, , , ,0, , , , , ,1,0,0,0,0,0,94.9512100219727,6673.0,0,1,CIUDAD BAGUA GRANDE,-78.4372100830078,-5.75542783737183,437
2022,3,5039,101.0,11,10701,7,4,3,3,20220318,1,1,2, ,3,3,0,1,0,1,0,1,3.0,6.0,4,2,0.0,2,2,2, ,138, , ,2, , , , , , , , , , ,2, , , , , , , , , , ,2, , , , , , , , , , ,2, , , , , , , , , , , ,1,1,3,0.0,2, ,4,3,2,3,1,1,1,1.0,0,0,0,0,0,1,0,1,0,0,0,0,0,0,2,0,1,0,0,0,1,1.0,1,0,0,0,0,0,0,0,1,0,0,0,0,19,19,58, , , , , , , ,15, , , , ,0,0,0, , , , , , , ,0, , , , , , ,0, , , , , , , , , , , , ,0,0,0,0,0,0,0,0,0,0,0,0,0,0,0,113.0,0,0.0,1,1.0,1.0,3,3,2022,17,3,2022,2, ,2, ,1,1,1,1.0,2, ,1664, , , , ,229,0, ,229,0, ,699,0,0, , , , , , , , , , , , , , , , , , , , , , , , , , , , ,183,0, , , , , , , , , ,1664,229,229,699, , , , , , , ,183, , , , ,0, ,0, ,0,0, , , , , , , , , , , , , , ,0, , , , , , , , , ,1,0,0,0,0,0,94.9512100219727,6673.0,0,1,CIUDAD BAGUA GRANDE,-78.4372100830078,-5.75542783737183,437
2022,3,5039,114.0,11,10701,7,4,3,3,20220317,1,1,2, ,3,1,0,1,0,1,0,1,3.0,5.0,4,2,1.0,2,2,2, ,370,2, ,2, , , , , , , , , , ,2, , , , , , , , , , ,2, , , , , , , , , , ,2, , , , , , , , , , , ,1,1,3,0.0,2, ,4,3,2,4,1,1,1,1.0,0,0,0,0,0,2,0,1,0,0,1,0,0,0,2,0,1,1,1,0,1,1.0,1,0,0,0,1,0,0,0,1,1,1,0,0,14,49,38, , , ,0, , , ,20,30,10, , ,0,0,0, , , ,0, , , ,0,0,0, , , , ,0, , , ,0, , , , , , , , ,0,0,0,0,0,0,2,0,0,0,0,0,0,0,0,162.0,0,0.0,1,1.0,2.0,2,3,2022,16,3,2022,2, ,2, ,1,1,1,1.0,2, ,4461, , , , ,169,0, ,591,0, ,458,0,0, , , , , , , , , ,0,0,0, , , , , , , , , , , , , , , , ,244,0, ,367,0, ,122,0, , , ,4461,169,591,458, , , ,0, , , ,244,367,122, , ,0, ,0, ,0,0, , , , , , ,0,0, , , , , , ,0, ,0, ,0, , , , , ,1,0,0,0,0,0,94.9512100219727,6673.0,0,1,CIUDAD BAGUA GRANDE,-78.4372100830078,-5.75542783737183,437
2022,5,5045,4.0,11,10701,7,4,1,3,20220505,1,2,2, ,3,1,0,1,0,1,0,1,3.0,5.0,4,3,2.0,2,2,2, ,277, , ,2, , , , , , , , , , ,2, , , , , , , , , , ,2, , , , , , , , , , ,2, , , , , , , , , , , ,1,1,3,0.0,2, ,3,2,1,3,1,1,1,1.0,0,0,0,0,0,1,0,1,0,0,0,0,0,0,2,0,1,0,0,0,1,1.0,1,0,0,0,0,0,0,0,1,0,0,0,0,25,5,28, , , , , , , ,25, , , , ,0,0,0, , , , , , , ,0, , , , , , ,0, , , , , , , , , , , , ,0,0,0,0,0,0,0,0,0,0,0,0,0,0,0,85.0,0,0.0,1,1.0,1.0,20,4,2022,4,5,2022,2, ,2, ,1,1,1,1.0,2, ,3326, , , , ,300,0, ,60,0, ,336,0,0, , , , , , , , , , , , , , , , , , , , , , , , , , , , ,302,0, , , , , , , , , ,3326,300,60,336, , , , , , , ,302, , , , ,0, ,0, ,0,0, , , , , , , , , , , , , , ,0, , , , , , , , , ,1,0,0,0,0,0,161.014282226563,6699.0,0,1,CIUDAD BAGUA GRANDE,-78.4456558227539,-5.76538181304932,500
2022,5,5045,13.0,11,10701,7,4,1,3,20220505,1,1,2, ,3,3,0,1,0,1,0,1,3.0,6.0,4,4,1.0,2,2,2, ,92,1,1,2, , , , , , , , , , ,2, , , , , , , , , , ,2, , , , , , , , , , ,2, , , , , , , , , , , ,1,1,3,0.0,2, ,3,2,1,3,1,1,1,1.0,0,0,0,0,0,1,0,1,0,0,0,0,0,0,2,0,1,1,0,0,1,1.0,1,0,0,0,0,0,0,0,1,1,0,0,0,24,50,54, , , , , , , ,75,40, , , ,0,0,0, , , , , , , ,0,0, , , , , ,0, , , , , , , , , , , , ,0,0,0,0,0,0,0,0,0,0,0,0,0,0,0,244.0,0,0.0,1,2.0,2.0,19,4,2022,3,5,2022,2, ,2, ,2,2,2,2.0,2, ,1105, , , , ,288,0, ,600,0, ,648,0,0, , , , , , , , , , , , , , , , , , , , , , , , , , , , ,906,0, ,483,0, , , , , , ,1105,288,600,648, , , , , , , ,906,483, , , ,0, ,0, ,0,0, , , , , , , , , , , , , , ,0, ,0, , , , , , , ,1,0,0,0,0,0,161.014282226563,6699.0,0,1,CIUDAD BAGUA GRANDE,-78.4456558227539,-5.76538181304932,500
2022,5,5045,33.0,11,10701,7,4,1,3,20220506,1,1,2,030101,3,1,0,1,0,1,0,1,3.0,5.0,4,4,2.0,2,2,2, ,92,1,2,2, , , , , , , , , , ,2, , , , , , , , , , ,2, , , , , , , , , , ,2, , , , , , , , , , , ,1,2,3,0.0,2, ,3,2,1,3,1,1,1,1.0,0,0,0,0,0,1,0,1,0,0,1,0,1,0,6,0,1,0,1,0,1,1.0,1,0,0,0,1,0,0,0,1,0,1,1,0,18,41,16, , , ,14, , , ,40, ,40,0, ,0,0,0, , , ,0, , , ,0, ,0,0, , , ,0, , , ,0, , , , , , ,0, ,0,0,0,0,0,0,0,0,0,0,0,0,0,2,0,171.0,0,0.0,1,2.0,2.0,21,4,2022,5,5,2022,2, ,2, ,2,2,2,2.0,2, ,1105, , , , ,216,0, ,492,0, ,192,0,0, , , , , , , , , ,168,0,0, , , , , , ,0,0,0, , , , , , , ,483,0, , , , ,483,0, , , ,1105,216,492,192, , , ,168, , , ,483, ,483,0, ,0, ,0, ,0,0, , , , , , ,0,0, , , , , , ,0, , , ,0, ,0,0, , ,1,0,0,0,0,0,161.014282226563,6699.0,0,1,CIUDAD BAGUA GRANDE,-78.4456558227539,-5.76538181304932,500
2022,5,5045,40.0,11,10701,7,4,1,3,20220505,1,1,2, ,3,3,0,1,0,1,0,1,3.0,5.0,4,3,1.0,2,2,2,148, , , ,2, , , , , , , , , , ,2, , , , , , , , , , ,2, , , , , , , , , , ,2, , , , , , , , , , , ,1,1,3,0.0,2, ,3,1,1,3,1,1,1,1.0,0,0,0,0,0,2,0,1,0,0,0,0,0,0,2,0,1,1,1,0,1,1.0,1,0,0,0,0,0,0,0,1,1,1,0,0,27,50,39, , , , , , , ,15,40,15, , ,0,0,0, , , , , , , ,0,0,0, , , , ,0, , , , , , , , , , , , ,0,0,0,0,0,0,0,0,0,0,0,0,0,0,0,188.0,0,0.0,1,2.0,2.0,20,4,2022,4,5,2022,2, ,2, ,2,2,2,2.0,2,1777, , , , , ,324,0, ,600,0, ,468,0,0, , , , , , , , , , , , , , , , , , , , , , , , , , , , ,181,0, ,483,0, ,181,0, , ,1777, ,324,600,468, , , , , , , ,181,483,181, , ,0, ,0, ,0,0, , , , , , , , , , , , , , ,0, ,0, ,0, , , , , ,1,0,0,0,0,0,161.014282226563,6699.0,0,1,CIUDAD BAGUA GRANDE,-78.4456558227539,-5.76538181304932,500
2022,5,5045,47.0,11,10701,7,4,1,3,20220518,1,1,2,060801,3,3,0,1,0,1,0,1,1.0,3.5,4,2,1.0,2,2,2, ,462,1,1,2, , , , , , , , , , ,2, , , , , , , , , , ,2,0,0,0,0,0,0,0,9,0,70000,2, , , , , , , , , , ,2,1,2,3,0.0,2, ,3,2,1,3,1,1,1,1.0,0,0,0,0,0,2,0,1,0,0,0,0,0,0,2,0,1,1,1,0,1,1.0,1,0,0,0,0,0,0,0,1,1,1,0,0,43,74,142, , , , , , , ,65,50,95, , ,0,0,0, , , , , , , ,0,0,0, , , , ,0, , , , , , , , , , , , ,0,0,0,0,0,0,0,0,0,0,0,0,0,0,0,397.875,0,0.0,1,2.0,2.0,27,4,2022,11,5,2022,2, ,2, ,2,2,2,2.0,2, ,5547, , ,73162, ,516,0, ,888,0, ,1705,0,0, , , , , , , , , , , , , , , , , , , , , , , , , , , , ,785,0, ,604,0, ,1148,0, , , ,5547,516,888,1705, , , , , , , ,785,604,1148, , ,0, ,0, ,0,0, , , , , , , , , , , , , , ,0, ,0, ,0, , , , , ,1,0,0,0,0,0,161.014282226563,6699.0,0,1,CIUDAD BAGUA GRANDE,-78.4456558227539,-5.76538181304932,500
2022,5,5045,56.0,11,10701,7,4,1,3,20220507,1,1,2, ,3,1,0,1,0,1,0,1,3.0,5.0,4,3,1.0,2,2,2, ,92,1,2,2, , , , , , , , , , ,2, , , , , , , , , , ,2, , , , , , , , , , ,2, , , , , , , , , , , ,1,1,3,0.0,2, ,3,2,1,3,1,1,1,1.0,0,0,0,0,0,1,0,1,0,0,1,0,1,0,6,0,1,1,1,0,1,1.0,1,0,0,0,1,0,0,0,1,1,1,1,0,19,14,38, , , ,0, , , ,30,40,10,0, ,0,0,0, , , ,0, , , ,0,0,0,0, , , ,0, , , ,0, , , , , , ,0, ,0,0,0,0,0,0,2,0,0,0,0,0,0,2,0,152.0,0,0.0,1,1.0,1.0,22,4,2022,6,5,2022,2, ,2, ,1,1,1,1.0,2, ,1105, , , , ,228,0, ,168,0, ,456,0,0, , , , , , , , , ,0,0,0, , , , , , ,0,0,0, , , , , , , ,363,0, ,483,0, ,121,0, , , ,1105,228,168,456, , , ,0, , , ,363,483,121,0, ,0, ,0, ,0,0, , , , , , ,0,0, , , , , , ,0, ,0, ,0, ,0,0, , ,1,0,0,0,0,0,161.014282226563,6699.0,0,1,CIUDAD BAGUA GRANDE,-78.4456558227539,-5.76538181304932,500
2022,1,5049,3.0,11,10701,7,4,2,3,20220115,1,1,2,150103,2,2,0,1,0,1,0,1,4.0,5.0,4,7,3.0,2,2,2, ,46,1,2,2, , , , , , , , , , ,2, , , , , , , , , , ,2, , , , , , , , , , ,2, , , , , , , , , , , ,1,1,3,0.0,1,24, , ,1,1,2, ,4,1.0,0,0,0,0,0,1,0,1,0,0,1,0,1,0,6,0,1,0,1,0,1,1.0,1,0,0,0,1,0,0,0,1,0,1,1,0,0,19,107, , , ,0, , , ,50, ,50,0, ,0,0,0, , , ,0, , , ,0, ,0,0, , , ,0, , , ,50, , , , , , ,0, ,3,0,0,0,0,0,0,0,0,0,0,0,0,2,0,227.0,0,51.0,1,2.0,2.0,31,12,2022,14,1,2022,2, ,2, ,2,2,2,2.0,2, ,561, , , , ,0,0, ,232,0, ,1304,0,0, , , , , , , , , ,0,0,609, , , , , , ,0,0,0, , , , , , , ,604,0, , , , ,604,0, , , ,561,157,232,1304, , , ,0, , , ,604, ,604,0, ,0, ,0, ,0,0, , , , , , ,0,609, , , , , , ,0, , , ,0, ,0,0, , ,4,0,0,0,0,0,158.351348876953,6719.0,0,26,CENTRO POBLADO MENOR BUENA VISTA,-78.4969253540039,-5.85542249679565,1649
2022,1,5049,9.0,11,10701,7,4,2,3,20220131,1,2,2,140101,3,3,0,1,0,1,0,1,1.0,6.0,4,2,2.0,2,2,2, ,46,1,2,2, , , , , , , , , , ,2, , , , , , , , , , ,2, , , , , , , , , , ,2, , , , , , , , , , , ,1,1,3,0.0,1,24, , ,1,1,2, ,4,1.0,0,0,0,0,0,1,0,0,0,0,0,0,0,0, ,0,1,0,0,0,1,1.0,0,0,0,0,0,0,0,0,1,0,0,0,0,0,19, , , , , , , , ,20, , , , ,0,0, , , , , , , , ,0, , , , , , , , , , , , , , , , , , , ,3,0,0,0,0,0,0,0,0,0,0,0,0,0,0,39.0,0,0.0,1,3.0,3.0,1,1,2022,15,1,2022,2, ,2, ,1,1,1,3.0,2, ,561, , , , ,0,0, ,232,0, , , , , , , , , , , , , , , , , , , , , , , , , , , , , , , , ,242,0, , , , , , , , , ,561,292,232, , , , , , , , ,242, , , , ,0, ,0, , , , , , , , , , , , , , , , , ,0, , , , , , , , , ,4,0,0,0,0,0,158.351348876953,6719.0,0,26,CENTRO POBLADO MENOR BUENA VISTA,-78.4969253540039,-5.85542249679565,1649
2022,1,5049,19.0,11,10701,7,4,2,3,20220116,1,1,2, ,3,3,0,0,0,0,1,1,4.0,6.0,4,2,1.0,2,2,2, ,27,1,2,2, , , , , , , , , , ,2, , , , , , , , , , ,2, , , , , , , , , , ,2, , , , , , , , , , , ,1,1,3,0.0,1,24, , ,1,3,2, ,4,1.0,0,0,0,0,0,2,0,0,0,0,1,0,1,0,6,0,1,0,0,0,1,1.0,0,0,0,0,1,0,0,0,1,0,0,1,0,0,8, , , , ,0, , , ,5, , ,0, ,0,0, , , , ,0, , , ,0, , ,0, , , , , , , ,58, , , , , , ,0, ,3,0,0,0,0,0,0,0,0,0,0,0,0,2,0,13.0,0,59.0,1,1.0,2.0,1,1,2022,15,1,2022,2, ,2, ,1,1,1,1.0,2, ,329, , , , ,0,0, ,97,0, , , , , , , , , , , , , ,0,0,707, , , , , , ,0,0,0, , , , , , , ,60,0, , , , , , , , , ,329,108.5,97, , , , ,0, , , ,60, , ,0, ,0, ,0, , , , , , , , , ,0,707, , , , , , ,0, , , , , ,0,0, , ,4,0,0,0,0,0,158.351348876953,6719.0,0,26,CENTRO POBLADO MENOR BUENA VISTA,-78.4969253540039,-5.85542249679565,1649
2022,1,5049,24.0,11,10701,7,4,2,3,20220116,1,1,2, ,2,2,0,0,0,0,1,1,3.0,5.0,4,1,0.0,2,2,2, ,35,1,2,2, , , , , , , , , , ,2, , , , , , , , , , ,2, , , , , , , , , , ,2, , , , , , , , , , , ,1,1,3,0.0,1,24, , ,1,1,2, ,4,1.0,0,0,0,0,0,1,0,0,0,0,1,0,1,0,6,0,1,0,0,0,1,1.0,0,0,0,0,1,0,0,0,1,0,0,1,0,0,9, , , , ,0, , , ,15, , ,0, ,0,0, , , , ,0, , , ,0, , ,0, , , , , , , ,47, , , , , , ,0, ,3,0,0,0,0,0,0,0,0,0,0,0,0,2,0,24.0,0,47.0,1,1.0,2.0,1,1,2022,15,1,2022,2, ,2, ,1,1,2,1.0,2, ,427, , , , ,0,0, ,110,0, , , , , , , , , , , , , ,0,0,573, , , , , , ,0,0,0, , , , , , , ,181,0, , , , , , , , , ,427,157,110, , , , ,0, , , ,181, , ,0, ,0, ,0, , , , , , , , , ,0,573, , , , , , ,0, , , , , ,0,0, , ,4,0,0,0,0,0,158.351348876953,6719.0,0,26,CENTRO POBLADO MENOR BUENA VISTA,-78.4969253540039,-5.85542249679565,1649
2022,1,5049,28.0,11,10701,7,4,2,3,20220114,1,1,2, ,3,3,0,1,0,0,0,1,3.0,6.0,4,4,1.0,2,2,2, ,55,1,2,2, , , , , , , , , , ,2, , , , , , , , , , ,2, , , , , , , , , , ,2, , , , , , , , , , , ,1,1,3,0.0,1,24, , ,1,1,2, ,7,1.0,0,0,0,0,0,1,0,0,0,0,1,0,1,0,6,0,1,0,0,0,1,1.0,0,0,0,0,1,0,0,0,1,0,0,1,0,0,0, , , , ,0, , , , , , ,0, ,0,8, , , , ,23, , , , , , ,0, , , , , , , ,0, , , , , , ,0, ,3,0,0,0,0,0,0,0,0,0,0,0,0,2,0,0.0,0,0.0,1,1.0,1.0,30,12,2022,13,1,2022,2, ,2, ,1,1,1,1.0,2, ,670, , , , ,0,0, ,0,97, , , , , , , , , , , , , ,0,280,0, , , , , , ,0,0,0, , , , , , , , , , , , , , , , , , ,670,108.5,0, , , , ,0, , , , , , ,0, ,0, ,97, , , , , , , , , ,280,0, , , , , , , , , , , , ,0,0, , ,10,0,0,0,0,0,158.351348876953,6719.0,0,26,CENTRO POBLADO MENOR BUENA VISTA,-78.4969253540039,-5.85542249679565,1649
2022,1,5049,35.0,11,10701,7,4,2,3,20220115,1,1,2, ,2,3,0,1,0,1,0,1,4.0,6.0,4,2,1.0,2,2,2, ,51,2, ,2, , , , , , , , , , ,2, , , , , , , , , , ,2, , , , , , , , , , ,2, , , , , , , , , , , ,1,1,3,0.0,1,24, , ,1,1,2, ,4,1.0,0,0,0,0,0,1,0,0,0,0,1,0,1,0,6,0,1,0,0,0,1,1.0,0,0,0,0,1,0,0,0,1,0,0,1,0,0,8, , , , ,0, , , ,10, , ,0, ,0,0, , , , ,19, , , ,0, , ,0, , , , , , , ,19, , , , , , ,0, ,3,0,0,0,0,0,0,0,0,0,0,0,0,2,0,18.0,0,19.0,1,1.0,2.0,31,12,2022,14,1,2022,2, ,2, ,1,1,1,1.0,2, ,622, , , , ,0,0, ,97,0, , , , , , , , , , , , , ,0,232,232, , , , , , ,0,0,0, , , , , , , ,121,0, , , , , , , , , ,622,157,97, , , , ,0, , , ,121, , ,0, ,0, ,0, , , , , , , , , ,232,232, , , , , , ,0, , , , , ,0,0, , ,4,0,0,0,0,0,158.351348876953,6719.0,0,26,CENTRO POBLADO MENOR BUENA VISTA,-78.4969253540039,-5.85542249679565,1649
2022,2,5061,10.0,11,10502,7,5,3,3,20220217,1,1,2, ,3,3,0,1,0,1,0,1,4.0,6.0,4,3,2.0,2,2,2, ,111,2, ,2, , , , , , , , , , ,2, , , , , , , , , , ,2, , , , , , , , , , ,2, , , , , , , , , , , ,1,2,3,0.0,1,24, , ,1,1,2, ,1,1.0,0,0,0,0,0,1,0,1,0,0,1,0,0,0,6,0,1,0,0,0,1,1.0,1,0,0,0,1,0,0,0,1,0,0,0,0,0,7,73, , , ,0, , , ,14, , , , ,0,0,0, , , ,0, , , ,0, , , , , , ,0, , , ,0, , , , , , , , ,3,0,0,0,0,0,2,0,0,0,0,0,0,0,0,96.0,0,0.0,1,2.0,2.0,2,2,2022,16,2,2022,2, ,2, ,2,2,2,2.0,2, ,1337, , , , ,0,0, ,84,0, ,879,0,0, , , , , , , , , ,0,0,0, , , , , , , , , , , , , , , , ,169,0, , , , , , , , , ,1337,157,84,879, , , ,0, , , ,169, , , , ,0, ,0, ,0,0, , , , , , ,0,0, , , , , , ,0, , , , , , , , , ,1,0,0,0,0,0,304.264739990234,6939.0,0,1,PUEBLO CAMPORREDONDO,-78.3233642578125,-6.216224193573,1637
2022,2,5061,22.0,11,10502,7,5,3,3,20220218,1,1,2, ,1,1,0,1,0,1,0,1,4.0,4.0,4,4,1.0,2,2,2, ,46,2, ,2, , , , , , , , , , ,2, , , , , , , , , , ,2, , , , , , , , , , ,2, , , , , , , , , , , ,1,2,3,0.0,1,24, , ,1,1,2, ,1,1.0,0,0,0,0,0,1,0,1,0,0,1,0,0,0,2,0,1,0,0,0,1,1.0,1,0,0,0,1,0,0,0,1,0,0,0,0,0,5,59, , , ,5, , , ,10, , , , ,0,0,0, , , ,0, , , ,0, , , , , , ,0, , , ,0, , , , , , , , ,3,0,0,0,0,0,0,0,0,0,0,0,0,0,0,82.0,0,0.0,1,1.0,1.0,2,2,2022,16,2,2022,2, ,2, ,1,1,1,1.0,2, ,554, , , , ,0,0, ,60,0, ,710,0,0, , , , , , , , , ,60,0,0, , , , , , , , , , , , , , , , ,121,0, , , , , , , , , ,554,108.5,60,710, , , ,60, , , ,121, , , , ,0, ,0, ,0,0, , , , , , ,0,0, , , , , , ,0, , , , , , , , , ,1,0,0,0,0,0,304.264739990234,6939.0,0,1,PUEBLO CAMPORREDONDO,-78.3233642578125,-6.216224193573,1637
2022,2,5061,34.0,11,10502,7,5,3,3,20220218,1,1,2, ,3,1,0,0,0,0,1,1,4.0,5.0,4,6,1.0,2,2,2, ,55,1,2,2, , , , , , , , , , ,2, , , , , , , , , , ,2, , , , , , , , , , ,2, , , , , , , , , , , ,1,2,3,0.0,1,24, , ,1,1,2, ,1,1.0,0,0,0,0,0,1,0,1,0,0,1,0,0,0,6,0,1,1,0,0,1,1.0,1,0,0,0,1,0,0,0,1,1,0,0,0,0,24,39, , , ,0, , , ,15,25, , , ,0,0,0, , , ,0, , , ,0,0, , , , , ,0, , , ,58, , , , , , , , ,3,0,0,0,0,0,0,0,0,0,0,0,0,0,0,103.0,0,59.0,1,2.0,2.0,3,2,2022,17,2,2022,2, ,2, ,2,2,2,2.0,2, ,662, , , , ,0,0, ,289,0, ,470,0,0, , , , , , , , , ,0,0,698, , , , , , , , , , , , , , , , ,181,0, ,302,0, , , , , , ,662,157,289,470, , , ,0, , , ,181,302, , , ,0, ,0, ,0,0, , , , , , ,0,698, , , , , , ,0, ,0, , , , , , , ,1,0,0,0,0,0,304.264739990234,6939.0,0,1,PUEBLO CAMPORREDONDO,-78.3233642578125,-6.216224193573,1637
2022,2,5061,70.0,11,10502,7,5,3,3,20220219,1,1,2, ,3,1,0,1,0,1,0,1,4.0,5.0,4,3,1.0,2,2,2, ,33, , ,2, , , , , , , , , , ,2, , , , , , , , , , ,2, , , , , , , , , , ,2, , , , , , , , , , , ,1,2,3,0.0,1,24, , ,1,1,2, ,1,1.0,0,0,0,0,0,1,0,1,0,0,0,0,0,0,2,0,1,1,1,0,1,1.0,1,0,0,0,0,0,0,0,1,1,1,0,0,0,13,61, , , , , , , ,25,25,15, , ,0,0,0, , , , , , , ,0,0,0, , , , ,0, , , , , , , , , , , , ,3,0,0,0,0,0,0,0,0,0,0,0,0,0,0,140.0,0,0.0,1,2.0,2.0,3,2,2022,17,2,2022,2, ,2, ,2,2,2,2.0,2, ,397, , , , ,0,0, ,157,0, ,735,0,0, , , , , , , , , , , , , , , , , , , , , , , , , , , , ,302,0, ,302,0, ,181,0, , , ,397,157,157,735, , , , , , , ,302,302,181, , ,0, ,0, ,0,0, , , , , , , , , , , , , , ,0, ,0, ,0, , , , , ,1,0,0,0,0,0,304.264739990234,6939.0,0,1,PUEBLO CAMPORREDONDO,-78.3233642578125,-6.216224193573,1637
2022,2,5061,83.0,11,10502,7,5,3,3,20220218,1,1,2, ,3,3,0,1,0,1,0,1,4.0,6.0,4,3,2.0,2,2,2, ,92, , ,2, , , , , , , , , , ,2, , , , , , , , , , ,2, , , , , , , , , , ,2, , , , , , , , , , , ,1,1,3,0.0,1,24, , ,2,1,2, ,1,1.0,0,0,0,0,0,1,0,1,0,0,1,0,0,0,2,0,1,0,0,0,1,1.0,1,0,0,0,1,0,0,0,1,0,0,0,0,0,7,63, , , ,0, , , ,20, , , , ,0,0,0, , , ,0, , , ,0, , , , , , ,0, , , ,0, , , , , , , , ,3,0,0,0,0,0,2,0,0,0,0,0,0,0,0,92.0,0,0.0,1,1.0,1.0,2,2,2022,16,2,2022,2, ,2, ,1,1,1,1.0,2, ,1108, , , , ,0,0, ,84,0, ,759,0,0, , , , , , , , , ,0,0,0, , , , , , , , , , , , , , , , ,242,0, , , , , , , , , ,1108,108.5,84,759, , , ,0, , , ,242, , , , ,0, ,0, ,0,0, , , , , , ,0,0, , , , , , ,0, , , , , , , , , ,1,0,0,0,0,0,304.264739990234,6939.0,0,1,PUEBLO CAMPORREDONDO,-78.3233642578125,-6.216224193573,1637
2022,6,5066,1.0,11,10601,7,5,4,3,20220624,1,2,2, ,2,2,0,1,0,1,0,1,3.0,5.0,4,4,2.0,2,1,2, ,231,1,1,2, , , , , , , , , , ,2, , , , , , , , , , ,2, , , , , , , , , , ,2, , , , , , , , , , , ,1,2,3,0.0,1,14, , ,1,1,1,2,1,1.0,0,0,0,0,0,1,0,1,0,0,1,0,1,0,6,0,1,0,0,0,1,1.0,1,0,0,0,1,0,0,0,1,0,0,1,0,7,55,14, , , ,0, , , ,15, , ,0, ,0,0,0, , , ,63, , , ,0, , ,0, , , ,0, , , ,0, , , , , , ,0, ,0,0,0,0,0,0,0,0,0,0,0,0,0,2,0,94.0,0,0.0,1,2.0,2.0,9,6,2022,23,6,2022,2, ,2, ,2,2,2,2.0,2, ,2782, , , , ,84,0, ,662,0, ,169,0,0, , , , , , , , , ,0,759,0, , , , , , ,0,0,0, , , , , , , ,180,0, , , , , , , , , ,2782,84,662,169, , , ,0, , , ,180, , ,0, ,0, ,0, ,0,0, , , , , , ,759,0, , , , , , ,0, , , , , ,0,0, , ,1,0,0,0,0,0,58.1940727233887,7027.5,0,1,CIUDAD RODRIGUEZ DE MENDOZA,-77.4822845458984,-6.39351749420166,1599
2022,6,5066,45.0,11,10601,7,5,4,3,20220625,1,1,2,200115,1,3,0,1,0,1,0,1,1.0,5.0,4,3,2.0,1,2,2, ,555,1,1,2, , , , , , , , , , ,2, , , , , , , , , , ,2,0,0,3,0,0,0,0,0,0,10000,2, , , , , , , , , , ,2,1,2,3,0.0,1,24, , ,1,3,1,2,1,1.0,0,0,0,0,0,2,0,1,0,0,0,0,0,0,2,0,1,1,1,0,1,1.0,1,0,0,0,0,0,0,0,1,1,1,0,0,7,39,20, , , , , , , ,51,40,51, , ,0,0,0, , , , , , , ,0,0,0, , , , ,0, , , , , , , , , , , , ,0,0,0,0,0,0,0,0,0,0,0,0,0,0,0,208.0,0,0.0,1,1.0,1.0,10,6,2022,24,6,2022,2, ,2, ,1,1,1,1.0,2, ,6683, , ,10357, ,84,0, ,470,0, ,241,0,0, , , , , , , , , , , , , , , , , , , , , , , , , , , , ,613,0, ,481,0, ,613,0, , , ,6683,84,470,241, , , , , , , ,613,481,613, , ,0, ,0, ,0,0, , , , , , , , , , , , , , ,0, ,0, ,0, , , , , ,1,0,0,0,0,0,58.1940727233887,7027.5,0,1,CIUDAD RODRIGUEZ DE MENDOZA,-77.4822845458984,-6.39351749420166,1599
2022,6,5066,87.0,11,10601,7,5,4,3,20220625,1,1,2, ,1,1,0,0,0,1,0,1,3.0,4.0,4,6,2.0,2,2,2, ,462,1,1,2, , , , , , , , , , ,2, , , , , , , , , , ,2, , , , , , , , , , ,2, , , , , , , , , , , ,1,2,3,0.0,1,24, , ,1,1,1,2,1,1.0,0,0,0,0,0,1,0,1,0,0,1,0,0,0,2,0,1,1,1,0,1,1.0,1,0,0,0,1,0,0,0,1,1,1,0,0,7,82,62, , , ,0, , , ,45,40,35, , ,0,0,0, , , ,0, , , ,0,0,0, , , , ,0, , , ,0, , , , , , , , ,0,0,0,0,0,0,2,0,0,0,0,0,0,0,0,273.0,0,0.0,1,1.0,1.0,9,6,2022,23,6,2022,2, ,2,3500,1,1,1,1.0,2, ,5563, , , , ,84,0, ,987,0, ,747,0,0, , , , , , , , , ,0,0,0, , , , , , , , , , , , , , , , ,541,0, ,481,0, ,420,0, ,3592, ,5563,84,987,747, , , ,0, , , ,541,481,420, , ,0, ,0, ,0,0, , , , , , ,0,0, , , , , , ,0, ,0, ,0, , , , , ,1,0,0,0,0,0,58.1940727233887,7027.5,0,1,CIUDAD RODRIGUEZ DE MENDOZA,-77.4822845458984,-6.39351749420166,1599
2022,6,5066,113.0,11,10601,7,5,4,3,20220626,1,2,2, ,3,1,0,0,0,1,0,1,3.0,5.0,4,4,2.0,2,2,2, ,185,1,1,2, , , , , , , , , , ,2, , , , , , , , , , ,2, , , , , , , , , , ,2, , , , , , , , , , , ,1,2,3,0.0,1,24, , ,1,1,1,2,1,1.0,0,0,0,0,0,1,0,1,0,0,1,0,1,0,6,0,1,0,0,0,1,1.0,1,0,0,0,1,0,0,0,1,0,0,1,0,7,37,46, , , ,0, , , ,20, , ,0, ,0,0,0, , , ,0, , , ,0, , ,0, , , ,0, , , ,0, , , , , , ,0, ,0,0,0,0,0,0,2,0,0,0,0,0,0,2,0,111.0,0,0.0,1,2.0,2.0,10,6,2022,24,6,2022,2, ,2, ,1,1,1,2.0,2, ,2228, , , , ,84,0, ,446,0, ,554,0,0, , , , , , , , , ,0,0,0, , , , , , ,0,0,0, , , , , , , ,240,0, , , , , , , , , ,2228,84,446,554, , , ,0, , , ,240, , ,0, ,0, ,0, ,0,0, , , , , , ,0,0, , , , , , ,0, , , , , ,0,0, , ,1,0,0,0,0,0,58.1940727233887,7027.5,0,1,CIUDAD RODRIGUEZ DE MENDOZA,-77.4822845458984,-6.39351749420166,1599
2022,2,5074,47.0,11,10403,7,7,3,3,20220218,1,1,2, ,4,3,0,0,0,0,1,1,7.0,4.0,4,3,1.0,2,2,2, ,55,2, ,2, , , , , , , , , , ,2, , , , , , , , , , ,2, , , , , , , , , , ,2, , , , , , , , , , , ,1, ,3,0.0, , , , ,2,3, , ,9,0.375,0,0,0,0,0, ,0,0,0,0,1,0,1,0,6,0,1,0,0,0,1,0.375,0,0,0,0,1,0,0,0,1,0,0,1,0, , , , , , ,0, , , , , , ,3, , , , , , , ,0, , , , , , ,0, , , , , , , ,63, , , , , , ,0, ,0,0,0,0,0,0,0,0,0,0,0,0,0,0,0,3.0,0,64.0,1,2.0,2.0,3,2,2022,17,2,2022,2, ,2, ,2,2,2,2.0,2, ,662, , , , , , , , , , , , , , , , , , , , , , ,0,0,759, , , , , , ,36,0,0, , , , , , , , , , , , , , , , , , ,662, , , , , , ,0, , , , , , ,36, , , , , , , , , , , , , ,0,759, , , , , , , , , , , , ,0,0, , ,9,0,0,0,0,0,62.1751327514648,6480.0,0,44,COMUNIDAD NATIVA GUAYABAL,-77.7158584594727,-4.832532882690425,177
2022,2,5074,48.0,11,10403,7,7,3,3,20220218,1,1,2, ,4,3,0,0,0,0,1,1,7.0,4.0,4,2,1.0, , ,2, ,23,2, ,2, , , , , , , , , , ,2, , , , , , , , , , ,2, , , , , , , , , , ,2, , , , , , , , , , , ,1, ,3,0.0, , , , ,2,3, , ,9,0.375,0,0,0,0,0, ,0,0,0,0,1,0,1,0,6,0,1,0,0,0,1,0.375,0,0,0,0,1,0,0,0,1,0,0,1,0, , , , , , ,0, , , , , , ,0, , , , , , , ,0, , , , , , ,0, , , , , , , ,52, , , , , , ,0, ,0,0,0,0,0,0,0,0,0,0,0,0,0,2,0,0.0,0,53.0,1,1.0,1.0,2,2,2022,16,2,2022,2, ,2, ,1,1,1,1.0,2, ,277, , , , , , , , , , , , , , , , , , , , , , ,0,0,626, , , , , , ,0,0,0, , , , , , , , , , , , , , , , , , ,277, , , , , , ,0, , , , , , ,0, , , , , , , , , , , , , ,0,626, , , , , , , , , , , , ,0,0, , ,9,0,0,0,0,0,62.1751327514648,6480.0,0,44,COMUNIDAD NATIVA GUAYABAL,-77.7158584594727,-4.832532882690425,177
2022,2,5074,49.0,11,10403,7,7,3,3,20220218,1,1,2, ,4,3,0,0,0,0,1,1,7.0,6.0,4,5,3.0, , ,2, ,25,2, ,2, , , , , , , , , , ,2, , , , , , , , , , ,2, , , , , , , , , , ,2, , , , , , , , , , , ,1, ,3,0.0, , , , ,2,3, , ,9,0.375,0,0,0,0,0, ,0,0,0,0,1,0,1,0,6,0,1,0,0,0,1,0.375,0,0,0,0,1,0,0,0,1,0,0,1,0, , , , , , ,0, , , ,20, , ,0, , , , , , , ,0, , , ,0, , ,0, , , , , , , ,44, , , , , , ,0, ,0,0,0,0,0,0,0,0,0,0,0,0,0,2,0,19.0,0,44.0,1,2.0,2.0,3,2,2022,17,2,2022,2, ,2, ,2,2,2,2.0,2, ,301, , , , , , , , , , , , , , , , , , , , , , ,0,0,530, , , , , , ,0,0,0, , , , , , , ,242,0, , , , , , , , , ,301, , , , , , ,0, , , ,242, , ,0, , , , , , , , , , , , , ,0,530, , , , , , ,0, , , , , ,0,0, , ,9,0,0,0,0,0,62.1751327514648,6480.0,0,44,COMUNIDAD NATIVA GUAYABAL,-77.7158584594727,-4.832532882690425,177
2022,2,5074,52.0,11,10403,7,7,3,3,20220218,1,1,2, ,4,3,0,0,0,0,1,1,7.0,4.0,4,4,2.0, , ,2, ,23,2, ,2, , , , , , , , , , ,2, , , , , , , , , , ,2, , , , , , , , , , ,2, , , , , , , , , , , ,1, ,3,0.0, , , , ,2,3, , ,9,0.375,0,0,0,0,0, ,0,0,0,0,1,0,1,0,6,0,1,0,0,0,1,0.375,0,0,0,0,1,0,0,0,1,0,0,1,0, , , , , , ,0, , , , , , ,0, , , , , , , ,0, , , , , , ,0, , , , , , , ,85, , , , , , ,0, ,0,0,0,0,0,0,0,0,0,0,0,0,0,2,0,0.0,0,75.625,1,2.0,1.0,3,2,2022,17,2,2022,2, ,2, ,1,1,1,2.0,2, ,277, , , , , , , , , , , , , , , , , , , , , , ,0,0,1023, , , , , , ,0,0,0, , , , , , , , , , , , , , , , , , ,277, , , , , , ,0, , , , , , ,0, , , , , , , , , , , , , ,0,1023, , , , , , , , , , , , ,0,0, , ,9,0,0,0,0,0,62.1751327514648,6480.0,0,44,COMUNIDAD NATIVA GUAYABAL,-77.7158584594727,-4.832532882690425,177
2022,2,5074,133.0,11,10403,7,7,3,3,20220219,1,1,2, ,4,3,0,0,0,0,1,1,7.0,6.0,4,4,3.0, , ,2, ,27,2, ,2, , , , , , , , , , ,2, , , , , , , , , , ,2, , , , , , , , , , ,2, , , , , , , , , , , ,1, ,3,0.0, , , , ,2,3, , ,4,0.375,0,0,0,0,0, ,0,0,0,0,1,0,1,0,6,0,1,0,0,0,1,0.375,0,0,0,0,1,0,0,0,1,0,0,1,0,0, , , , , ,0, , , ,43, , ,0, ,0, , , , , ,0, , , ,0, , ,0, , , , , , , ,34, , , , , , ,0, ,2,0,0,0,0,0,0,0,0,0,0,0,0,2,0,42.0,0,34.0,1,1.0,1.0,4,2,2022,18,2,2022,2, ,2, ,1,1,1,1.0,2, ,325, , , , ,0,0, , , , , , , , , , , , , , , , ,0,0,409, , , , , , ,0,0,0, , , , , , , ,520,0, , , , , , , , , ,325,0, , , , , ,0, , , ,520, , ,0, ,0, , , , , , , , , , , ,0,409, , , , , , ,0, , , , , ,0,0, , ,4,0,0,0,0,0,62.1751327514648,6480.0,0,44,COMUNIDAD NATIVA GUAYABAL,-77.7158584594727,-4.832532882690425,177
2022,2,5074,134.0,11,10403,7,7,3,3,20220219,1,1,2, ,4,3,0,0,0,0,1,1,7.0,4.0,4,5,3.5,2,2,2, ,27,2, ,2, , , , , , , , , , ,2, , , , , , , , , , ,2, , , , , , , , , , ,2, , , , , , , , , , , ,1, ,3,0.0, , , , ,2,3, , ,5,0.375,0,0,0,0,0, ,0,0,0,0,1,0,1,0,6,0,1,0,0,0,1,0.375,0,0,0,0,1,0,0,0,1,0,0,1,0, , , , , , ,0, , , ,10, , ,0, , , , , , , ,0, , , ,0, , ,0, , , , , , , ,58, , , , , , ,0, ,0,0,0,0,0,0,0,0,0,0,0,0,0,2,0,9.0,0,59.0,1,1.0,1.0,4,2,2022,18,2,2022,2, ,2, ,1,1,1,1.0,2, ,325, , , , , , , , , , , , , , , , , , , , , , ,0,0,698, , , , , , ,0,0,0, , , , , , , ,121,0, , , , , , , , , ,325, , , , , , ,0, , , ,121, , ,0, , , , , , , , , , , , , ,0,698, , , , , , ,0, , , , , ,0,0, , ,5,0,0,0,0,0,62.1751327514648,6480.0,0,44,COMUNIDAD NATIVA GUAYABAL,-77.7158584594727,-4.832532882690425,177
2022,2,5074,135.0,11,10403,7,7,3,3,20220219,1,1,2, ,4,3,0,0,0,0,1,1,7.0,5.0,4,1,0.0,2,2,2, ,18,2, ,2, , , , , , , , , , ,2, , , , , , , , , , ,2, , , , , , , , , , ,2, , , , , , , , , , , ,1, ,3,0.0, , , , ,2,3, , ,9,0.375,0,0,0,0,0, ,0,0,0,0,1,0,1,0,6,0,1,0,0,0,1,0.375,0,0,0,0,1,0,0,0,1,0,0,1,0, , , , , , ,0, , , ,5, , ,0, , , , , , , ,9, , , ,0, , ,0, , , , , , , ,0, , , , , , ,0, ,0,0,0,0,0,0,0,0,0,0,0,0,0,2,0,4.0,0,0.0,1,1.0,1.0,4,2,2022,18,2,2022,2, ,2, ,1,1,1,1.0,2, ,217, , , , , , , , , , , , , , , , , , , , , , ,0,108,0, , , , , , ,0,0,0, , , , , , , ,60,0, , , , , , , , , ,217, , , , , , ,0, , , ,60, , ,0, , , , , , , , , , , , , ,108,0, , , , , , ,0, , , , , ,0,0, , ,9,0,0,0,0,0,62.1751327514648,6480.0,0,44,COMUNIDAD NATIVA GUAYABAL,-77.7158584594727,-4.832532882690425,177
2022,2,5074,136.0,11,10403,7,7,3,3,20220219,1,1,2, ,4,3,0,1,0,0,0,1,7.0,6.0,4,1,0.0,2,2,2, ,102,2, ,2, , , , , , , , , , ,2, , , , , , , , , , ,2, , , , , , , , , , ,2, , , , , , , , , , , ,1, ,3,0.0, , , , ,2,3, , ,4,0.375,0,0,0,0,0, ,0,0,0,0,1,0,1,0,6,0,1,0,0,0,1,0.375,0,0,0,0,1,0,0,0,1,0,0,1,0,0, , , , , ,24, , , ,5, , ,0, ,0, , , , , ,0, , , ,0, , ,0, , , , , , , ,0, , , , , , ,44, ,2,0,0,0,0,0,0,0,0,0,0,0,0,0,0,29.0,0,44.0,1,3.5,3.5,4,2,2022,18,2,2022,2, ,2, ,2,2,2,3.5,2, ,1228, , , , ,0,0, , , , , , , , , , , , , , , , ,289,0,0, , , , , , ,0,0,530, , , , , , , ,60,0, , , , , , , , , ,1228,0, , , , , ,289, , , ,60, , ,0, ,0, , , , , , , , , , , ,0,0, , , , , , ,0, , , , , ,0,530, , ,4,0,0,0,0,0,62.1751327514648,6480.0,0,44,COMUNIDAD NATIVA GUAYABAL,-77.7158584594727,-4.832532882690425,177
2022,8,5076,15.0,11,10401,7,7,3,3,20220819,1,1,2, ,4,3,0,1,0,1,0,1,7.375,6.0,4,3,2.0,2,2,2, ,50,2, ,2, , , , , , , , , , ,2, , , , , , , , , , ,2, , , , , , , , , , ,2, , , , , , , , , , , ,1,1,3,0.0,1,24, , ,2,3,1,3,4,1.0,0,0,0,0,0,1,0,0,0,0,1,0,0,0,6,0,1,0,0,0,1,1.0,0,0,0,0,1,0,0,0,1,0,0,1,0,2,4, , , , ,0, , , ,10, , ,0, ,0,0, , , , ,0, , , ,0, , ,0, , , , , , , ,0, , , , , , ,0, ,0,0,0,0,0,0,2,0,0,0,0,0,0,2,0,17.0,0,0.0,1,3.0,3.0,4,8,2022,18,8,2022,2, ,2, ,2,2,2,3.0,2, ,593, , , , ,24,0, ,47,0, , , , , , , , , , , , , ,0,0,0, , , , , , ,0,0,0, , , , , , , ,120,0, , , , , , , , , ,593,24,47, , , , ,0, , , ,120, , ,0, ,0, ,0, , , , , , , , , ,0,0, , , , , , ,0, , , , , ,0,0, , ,4,0,0,0,0,0,55.1079559326172,6501.0,0,24,COMUNIDAD NATIVA BAJO CANAMPA,-77.9167785644531,-4.832532882690425,192
2022,8,5076,16.0,11,10401,7,7,3,3,20220820,1,1,2, ,4,3,0,1,0,1,0,1,7.0,6.0,4,2,1.0,2,2,2, ,50,2, ,2, , , , , , , , , , ,2, , , , , , , , , , ,2, , , , , , , , , , ,2, , , , , , , , , , , ,1,1,3,0.0,1,24, , ,1,1,1,3,4,1.0,0,0,0,0,0,1,0,0,0,0,1,0,1,0,6,0,1,0,0,0,1,1.0,0,0,0,0,1,0,0,0,1,0,0,1,0,2,13, , , , ,0, , , ,5, , ,0, ,0,0, , , , ,0, , , ,0, , ,0, , , , , , , ,78, , , , , , ,0, ,0,0,0,0,0,0,0,0,0,0,0,0,0,2,0,21.0,0,75.625,1,1.0,2.0,5,8,2022,19,8,2022,2, ,2, ,2,2,2,1.0,2, ,593, , , , ,24,0, ,154,0, , , , , , , , , , , , , ,0,0,925, , , , , , ,0,0,0, , , , , , , ,60,0, , , , , , , , , ,593,24,154, , , , ,0, , , ,60, , ,0, ,0, ,0, , , , , , , , , ,0,925, , , , , , ,0, , , , , ,0,0, , ,4,0,0,0,0,0,55.1079559326172,6501.0,0,24,COMUNIDAD NATIVA BAJO CANAMPA,-77.9167785644531,-4.832532882690425,192
2022,8,5076,61.0,11,10401,7,7,3,3,20220819,1,1,2,010401,4,3,0,1,0,1,0,1,7.375,6.0,4,2,1.0,2,2,2, ,24,2, ,2, , , , , , , , , , ,2, , , , , , , , , , ,2, , , , , , , , , , ,2, , , , , , , , , , , ,1,1,3,0.0,1,24, , ,1,1,1,3,4,1.0,0,0,0,0,0,1,0,0,0,0,1,0,0,0,6,0,1,0,0,0,1,1.0,0,0,0,0,1,0,0,0,1,0,0,1,0,2,4, , , , ,0, , , ,5, , ,0, ,0,0, , , , ,0, , , ,0, , ,0, , , , , , , ,58, , , , , , ,0, ,0,0,0,0,0,0,0,0,0,0,0,0,0,2,0,12.0,0,59.0,1,2.0,2.0,4,8,2022,18,8,2022,2, ,2, ,1,1,1,2.0,2, ,285, , , , ,24,0, ,47,0, , , , , , , , , , , , , ,0,0,688, , , , , , ,0,0,0, , , , , , , ,60,0, , , , , , , , , ,285,24,47, , , , ,0, , , ,60, , ,0, ,0, ,0, , , , , , , , , ,0,688, , , , , , ,0, , , , , ,0,0, , ,4,0,0,0,0,0,55.1079559326172,6501.0,0,24,COMUNIDAD NATIVA BAJO CANAMPA,-77.9167785644531,-4.832532882690425,192
2022,8,5076,63.0,11,10401,7,7,3,3,20220820,1,1,2, ,4,3,0,1,0,1,0,1,7.0,6.0,4,2,1.0,2,2,2, ,23,2, ,2, , , , , , , , , , ,2, , , , , , , , , , ,2, , , , , , , , , , ,2, , , , , , , , , , , ,1,1,3,0.0,1,24, , ,1,1,1,3,4,1.0,0,0,0,0,0,1,0,0,0,0,1,0,0,0,6,0,1,0,0,0,1,1.0,0,0,0,0,1,0,0,0,1,0,0,1,0,2,4, , , , ,0, , , , , , ,0, ,0,0, , , , ,0, , , , , , ,0, , , , , , , ,58, , , , , , ,0, ,0,0,0,0,0,0,0,0,0,0,0,0,0,2,0,7.0,0,59.0,1,1.0,1.0,3,8,2022,17,8,2022,2, ,2, ,1,1,1,1.0,2, ,273, , , , ,24,0, ,47,0, , , , , , , , , , , , , ,0,0,688, , , , , , ,0,0,0, , , , , , , , , , , , , , , , , , ,273,24,47, , , , ,0, , , , , , ,0, ,0, ,0, , , , , , , , , ,0,688, , , , , , , , , , , , ,0,0, , ,4,0,0,0,0,0,55.1079559326172,6501.0,0,24,COMUNIDAD NATIVA BAJO CANAMPA,-77.9167785644531,-4.832532882690425,192
2022,8,5076,64.0,11,10401,7,7,3,3,20220819,1,1,2, ,4,3,0,1,0,1,0,1,7.0,6.0,4,2,1.0,2,2,2, ,37,2, ,2, , , , , , , , , , ,2, , , , , , , , , , ,2, , , , , , , , , , ,2, , , , , , , , , , , ,1,1,3,0.0,1,24, , ,2,3,1,3,9,1.0,0,0,0,0,0,1,0,0,0,0,1,0,1,0,6,0,1,0,0,0,1,1.0,0,0,0,0,1,0,0,0,1,0,0,1,0,2,4, , , , ,0, , , , , , ,19, ,0,0, , , , ,0, , , , , , ,0, , , , , , , ,0, , , , , , ,0, ,0,0,0,0,0,0,2,0,0,0,0,0,0,0,0,27.0,0,0.0,1,1.0,1.0,3,8,2022,17,8,2022,2, ,2, ,1,1,1,1.0,2, ,439, , , , ,24,0, ,47,0, , , , , , , , , , , , , ,0,0,0, , , , , , ,225,0,0, , , , , , , , , , , , , , , , , , ,439,24,47, , , , ,0, , , , , , ,225, ,0, ,0, , , , , , , , , ,0,0, , , , , , , , , , , , ,0,0, , ,9,0,0,0,0,0,55.1079559326172,6501.0,0,24,COMUNIDAD NATIVA BAJO CANAMPA,-77.9167785644531,-4.832532882690425,192
2022,8,5076,65.0,11,10401,7,7,3,3,20220818,1,1,2, ,4,3,0,0,0,0,1,1,7.0,4.0,4,3,1.0,2,2,2, ,74,2, ,2, , , , , , , , , , ,2, , , , , , , , , , ,2, , , , , , , , , , ,2, , , , , , , , , , , ,1,2,3,0.0,1,24, , ,1,1,1,3,9,0.375,0,0,0,0,0, ,0,0,0,0,1,0,1,0,6,0,1,0,0,0,1,0.375,0,0,0,0,1,0,0,0,1,0,0,1,0,2, , , , , ,0, , , , , , ,0, ,0, , , , , ,0, , , , , , ,0, , , , , , , ,35, , , , , , ,0, ,0,0,0,0,0,0,0,0,0,0,0,0,0,2,0,2.0,0,35.0,1,1.0,1.0,3,8,2022,17,8,2022,2, ,2, ,1,1,1,1.0,2, ,877, , , , ,24,0, , , , , , , , , , , , , , , , ,0,0,415, , , , , , ,0,0,0, , , , , , , , , , , , , , , , , , ,877,24, , , , , ,0, , , , , , ,0, ,0, , , , , , , , , , , ,0,415, , , , , , , , , , , , ,0,0, , ,9,0,0,0,0,0,55.1079559326172,6501.0,0,24,COMUNIDAD NATIVA BAJO CANAMPA,-77.9167785644531,-4.832532882690425,192
2022,8,5076,66.0,11,10401,7,7,3,3,20220819,1,1,2, ,4,3,0,1,0,1,0,1,7.0,6.0,4,1,1.0,2,2,2, ,24, , ,2, , , , , , , , , , ,2, , , , , , , , , , ,2, , , , , , , , , , ,2, , , , , , , , , , , ,1,1,3,0.0,1,24, , ,1,1,2, ,5,0.375,0,0,0,0,0, ,0,0,0,0,0,0,0,0, ,0,1,0,0,0,1,0.375,0,0,0,0,0,0,0,0,1,0,0,1,0,0, , , , , , , , , , , , ,0, ,2, , , , , , , , , , , , ,0, , , , , , , , , , , , , , ,0, ,0,0,0,0,0,0,0,0,0,0,0,0,0,2,0,0.0,0,0.0,1,1.0,1.0,4,8,2022,18,8,2022,2, ,2, ,1,1,1,1.0,2, ,285, , , , ,0,24, , , , , , , , , , , , , , , , , , , , , , , , , ,0,0,0, , , , , , , , , , , , , , , , , , ,285,0, , , , , , , , , , , , ,0, ,24, , , , , , , , , , , , , , , , , , , , , , , , , ,0,0, , ,5,0,0,0,0,0,55.1079559326172,6501.0,0,24,COMUNIDAD NATIVA BAJO CANAMPA,-77.9167785644531,-4.832532882690425,192
2022,9,5087,31.0,11,10202,7,8,3,3,20220915,1,1,2, ,3,3,0,0,0,0,1,1,3.0,6.0,4,3,2.0,2,2,2, ,14,2, ,2, , , , , , , , , , ,2, , , , , , , , , , ,2, , , , , , , , , , ,2, , , , , , , , , , , ,1,2,3,0.0,1,24, , ,1,3,2, ,4,0.375,0,0,0,0,0, ,0,1,0,0,1,0,1,0,6,0,1,1,1,0,1,0.375,1,0,0,0,1,0,0,0,1,1,1,1,0,0, ,38, , , ,0, , , ,43,65,28,0, ,0, ,0, , , ,0, , , ,0,0,0,0, , , ,0, , , ,21, , , , , , ,0, ,2,0,0,0,0,0,0,0,0,0,0,0,0,2,0,173.0,0,21.0,1,1.0,1.0,30,8,2022,13,9,2022,2, ,2, ,1,1,1,1.0,2, ,166, , , , ,0,0, , , , ,452,0,0, , , , , , , , , ,0,0,250, , , , , , ,0,0,0, , , , , , , ,508,0, ,767,0, ,331,0, , , ,166,0, ,452, , , ,0, , , ,508,767,331,0, ,0, , , ,0,0, , , , , , ,0,250, , , , , , ,0, ,0, ,0, ,0,0, , ,4,0,0,0,0,0,55.1079559326172,6564.0,0,11,CASERIO SAN JUAN DE DIOS,-78.5045471191406,-5.36662435531616,1426
2022,9,5087,91.0,11,10202,7,8,3,3,20220917,1,1,2, ,4,3,0,0,0,0,1,1,7.0,4.0,4,3,2.0,2,2,2, ,41,2, ,2, , , , , , , , , , ,2, , , , , , , , , , ,2, , , , , , , , , , ,2, , , , , , , , , , , ,1,2,3,0.0,1,24, , ,1,3,2, ,4,0.375,0,0,0,0,0, ,0,0,0,0,1,0,1,0,6,0,1,0,0,0,1,0.375,0,0,0,0,1,0,0,0,1,0,0,1,0,0, , , , , ,0, , , ,10, , ,0, ,0, , , , , ,0, , , ,0, , ,0, , , , , , , ,42, , , , , , ,0, ,2,0,0,0,0,0,0,0,0,0,0,0,0,2,0,9.0,0,42.0,1,1.0,2.0,2,9,2022,16,9,2022,2, ,2, ,1,1,1,1.0,2, ,488, , , , ,0,0, , , , , , , , , , , , , , , , ,0,0,499, , , , , , ,0,0,0, , , , , , , ,118,0, , , , , , , , , ,488,0, , , , , ,0, , , ,118, , ,0, ,0, , , , , , , , , , , ,0,499, , , , , , ,0, , , , , ,0,0, , ,4,0,0,0,0,0,55.1079559326172,6564.0,0,11,CASERIO SAN JUAN DE DIOS,-78.5045471191406,-5.36662435531616,1426
2022,9,5087,93.0,11,10202,7,8,3,3,20220915,1,1,2, ,4,3,0,0,0,0,1,1,7.0,6.0,4,2,0.0,2,2,2, ,14,2, ,2, , , , , , , , , , ,2, , , , , , , , , , ,2, , , , , , , , , , ,2, , , , , , , , , , , ,1,1,3,0.0,1,24, , ,1,3,2, ,4,0.375,0,0,0,0,0, ,0,0,0,0,1,0,1,0,6,0,1,0,0,0,1,0.375,0,0,0,0,1,0,0,0,1,0,0,1,0,0, , , , , ,0, , , ,20, , ,0, ,0, , , , , ,39, , , ,0, , ,0, , , , , , , ,0, , , , , , ,0, ,2,0,0,0,0,0,0,0,0,0,0,0,0,2,0,19.0,0,0.0,1,1.0,1.0,31,8,2022,14,9,2022,2, ,2, ,1,1,1,1.0,2, ,166, , , , ,0,0, , , , , , , , , , , , , , , , ,0,464,0, , , , , , ,0,0,0, , , , , , , ,236,0, , , , , , , , , ,166,0, , , , , ,0, , , ,236, , ,0, ,0, , , , , , , , , , , ,464,0, , , , , , ,0, , , , , ,0,0, , ,4,0,0,0,0,0,55.1079559326172,6564.0,0,11,CASERIO SAN JUAN DE DIOS,-78.5045471191406,-5.36662435531616,1426
2022,9,5087,94.0,11,10202,7,8,3,3,20220917,1,1,2, ,4,3,0,0,0,0,1,1,7.0,6.0,4,3,2.0,2,2,2, ,29,2, ,2, , , , , , , , , , ,2, , , , , , , , , , ,2, , , , , , , , , , ,2, , , , , , , , , , , ,1,2,3,0.0,1,24, , ,1,3,2, ,4,0.375,0,0,0,0,0, ,0,0,0,0,1,0,1,0,6,0,1,0,0,0,1,0.375,0,0,0,0,1,0,0,0,1,0,0,1,0,0, , , , , ,0, , , ,20, , ,0, ,0, , , , , ,0, , , ,0, , ,0, , , , , , , ,49, , , , , , ,0, ,2,0,0,0,0,0,0,0,0,0,0,0,0,2,0,19.0,0,49.0,1,2.0,2.0,1,9,2022,15,9,2022,2, ,2, ,2,2,2,2.0,2, ,345, , , , ,0,0, , , , , , , , , , , , , , , , ,0,0,583, , , , , , ,0,0,0, , , , , , , ,236,0, , , , , , , , , ,345,0, , , , , ,0, , , ,236, , ,0, ,0, , , , , , , , , , , ,0,583, , , , , , ,0, , , , , ,0,0, , ,4,0,0,0,0,0,55.1079559326172,6564.0,0,11,CASERIO SAN JUAN DE DIOS,-78.5045471191406,-5.36662435531616,1426
2022,9,5087,97.0,11,10202,7,8,3,3,20220917,1,1,2,140308,4,3,0,0,0,0,1,1,7.0,6.0,4,2,2.0,2,2,2, ,32,2, ,2, , , , , , , , , , ,2, , , , , , , , , , ,2, , , , , , , , , , ,2, , , , , , , , , , , ,1,1,3,0.0,1,24, , ,1,3,2, ,4,0.375,0,0,0,0,0, ,0,1,0,0,1,0,1,0,6,0,1,0,0,0,1,0.375,1,0,0,0,1,0,0,0,1,0,0,1,0,0, ,28, , , ,0, , , ,40, , ,0, ,0, ,0, , , ,0, , , ,0, , ,0, , , ,0, , , ,0, , , , , , ,0, ,2,0,0,0,0,0,2,0,0,0,0,0,0,2,0,68.0,0,0.0,1,2.0,2.0,2,9,2022,16,9,2022,2, ,2, ,2,2,2,2.0,2, ,380, , , , ,0,0, , , , ,333,0,0, , , , , , , , , ,0,0,0, , , , , , ,0,0,0, , , , , , , ,472,0, , , , , , , , , ,380,0, ,333, , , ,0, , , ,472, , ,0, ,0, , , ,0,0, , , , , , ,0,0, , , , , , ,0, , , , , ,0,0, , ,4,0,0,0,0,0,55.1079559326172,6564.0,0,11,CASERIO SAN JUAN DE DIOS,-78.5045471191406,-5.36662435531616,1426
2022,9,5087,98.0,11,10202,7,8,3,3,20220915,1,1,2,140101,4,3,0,0,0,0,1,1,7.0,4.0,4,3,1.0,2,2,2, ,32, , ,2, , , , , , , , , , ,2, , , , , , , , , , ,2, , , , , , , , , , ,2, , , , , , , , , , , ,1,2,3,0.0,1,24, , ,1,3,2, ,4,0.375,0,0,0,0,0, ,0,1,0,0,1,0,1,0,6,0,1,0,0,0,1,0.375,1,0,0,0,1,0,0,0,1,0,0,1,0,0, ,36, , , ,0, , , ,25, , ,0, ,0, ,0, , , ,0, , , ,0, , ,0, , , ,0, , , ,50, , , , , , ,0, ,2,0,0,0,0,0,0,0,0,0,0,0,0,2,0,61.0,0,51.0,1,1.0,2.0,31,8,2022,14,9,2022,2, ,2, ,1,1,1,1.0,2, ,380, , , , ,0,0, , , , ,428,0,0, , , , , , , , , ,0,0,595, , , , , , ,0,0,0, , , , , , , ,295,0, , , , , , , , , ,380,0, ,428, , , ,0, , , ,295, , ,0, ,0, , , ,0,0, , , , , , ,0,595, , , , , , ,0, , , , , ,0,0, , ,4,0,0,0,0,0,55.1079559326172,6564.0,0,11,CASERIO SAN JUAN DE DIOS,-78.5045471191406,-5.36662435531616,1426
2022,9,5087,99.0,11,10202,7,8,3,3,20220916,1,1,2, ,4,3,0,0,0,0,1,1,7.0,4.0,4,3,1.0,2,2,2, ,23,2, ,2, , , , , , , , , , ,2, , , , , , , , , , ,2, , , , , , , , , , ,2, , , , , , , , , , , ,1,2,3,0.0,1,24, , ,1,1,2, ,4,0.375,0,0,0,0,0, ,0,0,0,0,0,0,0,0, ,0,1,1,0,0,1,0.375,0,0,0,0,0,0,0,0,1,1,0,1,0,0, , , , , , , , , ,10,49, ,0, ,0, , , , , , , , , ,0,0, ,0, , , , , , , , , , , , , , ,0, ,2,0,0,0,0,0,0,0,0,0,0,0,0,2,0,59.0,0,0.0,1,1.0,1.0,1,9,2022,15,9,2022,2, ,2, ,1,1,1,1.0,2, ,273, , , , ,0,0, , , , , , , , , , , , , , , , , , , , , , , , , ,0,0,0, , , , , , , ,118,0, ,579,0, , , , , , ,273,0, , , , , , , , , ,118,579, ,0, ,0, , , , , , , , , , , , , , , , , , , ,0, ,0, , , ,0,0, , ,4,0,0,0,0,0,55.1079559326172,6564.0,0,11,CASERIO SAN JUAN DE DIOS,-78.5045471191406,-5.36662435531616,1426
2022,9,5087,100.0,11,10202,7,8,3,3,20220916,1,1,2, ,4,3,0,0,0,0,1,1,7.0,4.0,4,3,1.0,2,2,2, ,23, , ,2, , , , , , , , , , ,2, , , , , , , , , , ,2, , , , , , , , , , ,2, , , , , , , , , , , ,1,2,3,0.0,1,24, , ,1,1,2, ,4,0.375,0,0,0,0,0, ,0,1,0,0,1,0,1,0,6,0,1,0,0,0,1,0.375,1,0,0,0,1,0,0,0,1,0,0,1,0,0, ,27, , , ,0, , , ,5, , ,0, ,0, ,0, , , ,0, , , ,0, , ,0, , , ,0, , , ,0, , , , , , ,0, ,2,0,0,0,0,0,2,0,0,0,0,0,0,2,0,32.0,0,0.0,1,1.0,2.0,1,9,2022,15,9,2022,2,12000,2, ,1,1,1,1.0,2, ,273, , , , ,0,0, , , , ,321,0,0, , , , , , , , , ,0,0,0, , , , , , ,0,0,0, , , ,12146, , , ,59,0, , , , , , , , , ,273,0, ,321, , , ,0, , , ,59, , ,0, ,0, , , ,0,0, , , , , , ,0,0, , , , , , ,0, , , , , ,0,0, , ,4,0,0,0,0,0,55.1079559326172,6564.0,0,11,CASERIO SAN JUAN DE DIOS,-78.5045471191406,-5.36662435531616,1426
2022,12,5088,16.0,11,10202,7,7,2,3,20221209,1,1,2, ,3,3,0,0,0,1,0,1,3.0,5.0,4,2,1.0,2,2,2, ,41,2, ,2, , , , , , , , , , ,2, , , , , , , , , , ,2, , , , , , , , , , ,2, , , , , , , , , , , ,1,1,3,0.0,1,24, , ,2,3,2, ,6,1.0,0,0,0,0,0,1,0,1,0,0,1,0,0,0,6,0,1,0,1,0,1,1.0,1,0,0,0,1,0,0,0,1,0,1,0,0,0,14,29, , , ,0, , , ,30, ,15, , ,0,0,0, , , ,0, , , ,0, ,10, , , , ,0, , , ,0, , , , , , , , ,2,0,0,0,0,0,2,0,0,0,0,0,0,0,0,89.0,0,0.0,1,2.0,2.0,24,11,2022,8,12,2022,2,6000,2, ,2,2,2,2.0,2, ,496, , , , ,0,0, ,169,0, ,351,0,0, , , , , , , , , ,0,0,0, , , , , , , , , , , , ,6002, , , ,359,0, , , , ,179,120, , , ,496,0,169,351, , , ,0, , , ,359, ,179, , ,0, ,0, ,0,0, , , , , , ,0,0, , , , , , ,0, , , ,120, , , , , ,6,0,0,0,0,0,66.6793823242188,6571.0,0,34,SECTOR SAN ANTONIO,-78.4573364257813,-5.45736312866211,929
2022,12,5088,17.0,11,10202,7,7,2,3,20221207,1,1,2,140101,2,1,0,1,0,0,0,1,3.0,5.0,4,3,1.0,2,2,2, ,138,2, ,2, , , , , , , , , , ,2, , , , , , , , , , ,2, , , , , , , , , , ,2, , , , , , , , , , , ,1,1,3,0.0,1,24, , ,1,1,2, ,6,1.0,0,0,0,0,0,1,0,1,0,0,1,0,0,0,2,0,1,0,1,0,1,1.0,1,0,0,0,1,0,0,0,1,0,1,0,0,0,17,27, , , ,0, , , ,40, ,30, , ,0,0,0, , , ,0, , , ,0, ,0, , , , ,0, , , ,0, , , , , , , , ,2,0,0,0,0,0,2,0,0,0,0,0,0,0,0,114.0,0,0.0,1,2.0,2.0,22,11,2022,6,12,2022,2, ,2, ,2,2,2,2.0,2, ,1670, , , , ,0,0, ,206,0, ,327,0,0, , , , , , , , , ,0,0,0, , , , , , , , , , , , , , , , ,478,0, , , , ,359,0, , , ,1670,0,206,327, , , ,0, , , ,478, ,359, , ,0, ,0, ,0,0, , , , , , ,0,0, , , , , , ,0, , , ,0, , , , , ,6,0,0,0,0,0,66.6793823242188,6571.0,0,34,SECTOR SAN ANTONIO,-78.4573364257813,-5.45736312866211,929
2022,12,5088,18.0,11,10202,7,7,2,3,20221208,1,2,2, ,3,3,0,0,0,0,0,1,1.0,5.0,4,4,1.0,2,2,2, ,185,2, ,2, , , , , , , , , , ,2, , , , , , , , , , ,2, , , , , , , , , , ,2, , , , , , , , , , , ,1,1,3,0.0,1,24, , ,1,1,2, ,6,1.0,0,0,0,0,0,1,0,1,0,0,0,0,0,0,2,0,1,1,0,0,1,1.0,1,0,0,0,0,0,0,0,1,1,0,0,0,0,17,58, , , , , , , ,0,0, , , ,0,0,0, , , , , , , ,5,20, , , , , ,0, , , , , , , , , , , , ,2,0,0,0,0,0,0,0,0,0,0,0,0,0,0,77.0,0,0.0,1,1.0,1.0,23,11,2022,7,12,2022,2, ,2, ,1,1,1,1.0,2, ,2239, , , , ,0,0, ,206,0, ,702,0,0, , , , , , , , , , , , , , , , , , , , , , , , , , , , ,0,60, ,0,239, , , , , , ,2239,0,206,702, , , , , , , ,0,0, , , ,0, ,0, ,0,0, , , , , , , , , , , , , , ,60, ,239, , , , , , , ,6,0,0,0,0,0,66.6793823242188,6571.0,0,34,SECTOR SAN ANTONIO,-78.4573364257813,-5.45736312866211,929
2022,12,5088,22.0,11,10202,7,7,2,3,20221209,1,1,2, ,3,3,0,0,0,1,0,1,1.0,6.0,4,2,0.0,2,2,2, ,64,2, ,2, , , , , , , , , , ,2, , , , , , , , , , ,2, , , , , , , , , , ,2, , , , , , , , , , , ,1,1,3,0.0,1,24, , ,1,1,2, ,6,1.0,0,0,0,0,0,1,0,1,0,0,1,0,0,0,2,0,1,0,0,0,1,1.0,1,0,0,0,1,0,0,0,1,0,0,0,0,0,9,0, , , ,0, , , ,45, , , , ,0,0,62, , , ,0, , , ,0, , , , , , ,0, , , ,0, , , , , , , , ,2,0,0,0,0,0,2,0,0,0,0,0,0,0,0,54.0,0,0.0,1,2.0,2.0,23,11,2022,7,12,2022,2, ,2, ,2,2,2,2.0,2, ,775, , , , ,0,0, ,109,0, ,0,750,0, , , , , , , , , ,0,0,0, , , , , , , , , , , , , , , , ,538,0, , , , , , , , , ,775,0,109,0, , , ,0, , , ,538, , , , ,0, ,0, ,750,0, , , , , , ,0,0, , , , , , ,0, , , , , , , , , ,6,0,0,0,0,0,66.6793823242188,6571.0,0,34,SECTOR SAN ANTONIO,-78.4573364257813,-5.45736312866211,929
2022,12,5088,41.0,11,10202,7,7,2,3,20221208,1,1,2, ,2,3,0,0,0,0,1,1,4.0,6.0,4,3,1.0,2,2,2, ,23,2, ,2, , , , , , , , , , ,2, , , , , , , , , , ,2, , , , , , , , , , ,2, , , , , , , , , , , ,1, ,3,0.0, , , , ,2,3,2, ,5,0.375,0,0,0,0,0, ,0,0,0,0,1,0,0,0,6,0,1,0,0,0,1,0.375,0,0,0,0,1,0,0,0,1,0,0,1,0,0, , , , , ,0, , , , , , ,0, ,3, , , , , ,0, , , , , , ,0, , , , , , , ,0, , , , , , ,0, ,0,0,0,0,0,0,2,0,0,0,0,0,0,2,0,0.0,0,0.0,1,1.0,1.0,23,11,2022,7,12,2022,2, ,2, ,1,1,1,1.0,2, ,278, , , , ,0,36, , , , , , , , , , , , , , , , ,0,0,0, , , , , , ,0,0,0, , , , , , , , , , , , , , , , , , ,278,0, , , , , ,0, , , , , , ,0, ,36, , , , , , , , , , , ,0,0, , , , , , , , , , , , ,0,0, , ,5,0,0,0,0,0,66.6793823242188,6571.0,0,34,SECTOR SAN ANTONIO,-78.4573364257813,-5.45736312866211,929
2022,12,5088,42.0,11,10202,7,7,2,3,20221209,1,1,2, ,4,3,0,0,0,0,1,1,7.0,6.0,4,3,1.0,2,2,2, ,46,2, ,2, , , , , , , , , , ,2, , , , , , , , , , ,2, , , , , , , , , , ,2, , , , , , , , , , , ,1, ,3,0.0, , , , ,1,3, , ,7,0.375,0,0,0,0,0, ,0,0,0,0,0,0,0,0, ,0,1,0,0,0,1,0.375,0,0,0,0,0,0,0,0,1,0,0,0,0,0, , , ,11, , , , , , , , , , ,0, , , ,0, , , , , , , , , , , , , , ,0, , , , , , , , , , ,2,0,0,0,0,0,0,0,0,0,0,0,0,0,0,11.0,0,0.0,1,1.0,1.0,23,11,2022,7,12,2022,2, ,2, ,1,1,1,1.0,2, ,557, , , , ,0,0, , , , , , , , , , ,133,0,0, , , , , , , , , , , , , , , , , , , , , , , , , , , , , , , , , ,557,0, , , ,133, , , , , , , , , , ,0, , , , , , , ,0,0, , , , , , , , , , , , , , , , , , , , ,7,0,0,0,0,0,66.6793823242188,6571.0,0,34,SECTOR SAN ANTONIO,-78.4573364257813,-5.45736312866211,929
2022,12,5088,50.0,11,10202,7,7,2,3,20221209,1,1,2, ,3,3,0,0,0,0,1,1,4.0,6.0,4,3,1.0,2,2,2, ,21,2, ,2, , , , , , , , , , ,2, , , , , , , , , , ,2, , , , , , , , , , ,2, , , , , , , , , , , ,1, ,3,0.0, , , , ,2,3, , ,9,0.375,0,0,0,0,0, ,0,0,0,0,1,0,0,0,6,0,1,0,0,0,1,0.375,0,0,0,0,1,0,0,0,1,0,0,0,0,0, , , , , ,0, , , , , , , , ,0, , , , , ,0, , , , , , , , , , , , , , ,0, , , , , , , , ,2,0,0,0,0,0,2,0,0,0,0,0,0,0,0,0.0,0,0.0,1,1.0,1.0,23,11,2022,7,12,2022,2, ,2, ,1,1,1,1.0,2, ,254, , , , ,0,0, , , , , , , , , , , , , , , , ,0,0,0, , , , , , , , , , , , , , , , , , , , , , , , , , , ,254,0, , , , , ,0, , , , , , , , ,0, , , , , , , , , , , ,0,0, , , , , , , , , , , , , , , , ,9,0,0,0,0,0,66.6793823242188,6571.0,0,34,SECTOR SAN ANTONIO,-78.4573364257813,-5.45736312866211,929
2022,5,5089,9.0,11,10202,7,7,2,3,20220511,1,1,2,150105,3,1,0,0,0,0,1,1,4.0,5.0,4,3,1.0,2,2,2, ,46,2, ,2, , , , , , , , , , ,2, , , , , , , , , , ,2, , , , , , , , , , ,2, , , , , , , , , , , ,1,2,3,0.0,1,24, , ,1,1,2, ,7,0.375,0,0,0,0,0, ,0,1,0,0,1,0,1,0,2,0,1,1,1,0,1,0.375,1,0,0,0,1,0,0,0,1,1,1,1,0,0, ,32, , , ,0, , , ,0,0,0,0, ,0, ,0, , , ,0, , , ,40,65,40,0, , , ,0, , , ,37, , , , , , ,0, ,2,0,0,0,0,0,0,0,0,0,0,0,0,2,0,32.0,0,37.0,1,1.0,2.0,26,4,2022,10,5,2022,2, ,2, ,1,1,1,1.0,2, ,552, , , , ,0,0, , , , ,384,0,0, , , , , , , , , ,0,0,444, , , , , , ,0,0,0, , , , , , , ,0,483, ,0,785, ,0,483, , , ,552,0, ,384, , , ,0, , , ,0,0,0,0, ,0, , , ,0,0, , , , , , ,0,444, , , , , , ,483, ,785, ,483, ,0,0, , ,10,0,0,0,0,0,65.1615676879883,6570.0,0,54,CASERIO POMABAMBA,-78.4273986816406,-5.44626665115356,929
2022,5,5089,11.0,11,10202,7,7,2,3,20220513,1,1,2, ,3,3,0,0,0,0,1,1,4.0,6.0,4,1,0.0,2,2,2, ,18,2, ,2, , , , , , , , , , ,2, , , , , , , , , , ,2, , , , , , , , , , ,2, , , , , , , , , , , ,1, ,3,0.0, , , , ,1,3,2, ,5,0.375,0,0,0,0,0, ,0,0,0,0,1,0,0,0,6,0,1,0,0,0,1,0.375,0,0,0,0,1,0,0,0,1,0,0,0,0,0, , , ,5, ,0, , , ,10, , , , ,0, , , ,0, ,0, , , ,0, , , , , , , , ,0, ,29, , , , , , , , ,2,0,0,0,0,0,0,0,0,0,0,0,0,0,0,15.0,0,29.0,1,1.0,1.0,28,4,2022,12,5,2022,2, ,2, ,1,1,1,1.0,2, ,216, , , , ,0,0, , , , , , , , , , ,60,0,0, , , ,0,0,348, , , , , , , , , , , , , , , , ,121,0, , , , , , , , , ,216,0, , , ,60, ,0, , , ,121, , , , ,0, , , , , , , ,0,0, , ,0,348, , , , , , ,0, , , , , , , , , ,5,0,0,0,0,0,65.1615676879883,6570.0,0,54,CASERIO POMABAMBA,-78.4273986816406,-5.44626665115356,929
2022,5,5089,55.0,11,10202,7,7,2,3,20220512,1,1,2, ,3,3,0,1,0,0,0,1,4.0,6.0,4,4,2.0,2,2,2, ,32,2, ,2, , , , , , , , , , ,2, , , , , , , , , , ,2, , , , , , , , , , ,2, , , , , , , , , , , ,1,1,3,0.0,1,24, , ,1,1,2, ,4,1.0,0,0,0,0,0,1,0,0,0,0,1,0,1,0,6,0,1,0,0,0,1,1.0,0,0,0,0,1,0,0,0,1,0,0,1,0,0,5, , , , ,0, , , ,10, , ,0, ,0,0, , , , ,0, , , ,0, , ,0, , , , , , , ,37, , , , , , ,0, ,2,0,0,0,0,0,0,0,0,0,0,0,0,2,0,15.0,0,37.0,1,1.0,1.0,27,4,2022,11,5,2022,2, ,2, ,1,1,1,1.0,2, ,384, , , , ,0,0, ,60,0, , , , , , , , , , , , , ,0,0,444, , , , , , ,0,0,0, , , , , , , ,121,0, , , , , , , , , ,384,0,60, , , , ,0, , , ,121, , ,0, ,0, ,0, , , , , , , , , ,0,444, , , , , , ,0, , , , , ,0,0, , ,4,0,0,0,0,0,65.1615676879883,6570.0,0,54,CASERIO POMABAMBA,-78.4273986816406,-5.44626665115356,929
2022,5,5089,57.0,11,10202,7,7,2,3,20220513,1,1,2, ,3,3,0,0,0,0,1,1,3.0,6.0,4,4,2.0,2,2,2, ,18,2, ,2, , , , , , , , , , ,2, , , , , , , , , , ,2, , , , , , , , , , ,2, , , , , , , , , , , ,1,1,3,0.0,1,24, , ,1,1,2, ,7,0.375,0,0,0,0,0, ,0,1,0,0,1,0,1,0,6,0,1,0,0,0,1,0.375,1,0,0,0,1,0,0,0,1,0,0,1,0,0, ,0, ,12, ,0, , , ,8, , ,0, ,0, ,63, ,0, ,0, , , ,0, , ,0, , , ,0, ,0, ,45, , , , , , ,0, ,2,0,0,0,0,0,0,0,0,0,0,0,0,2,0,20.0,0,45.0,1,1.0,2.0,28,4,2022,12,5,2022,2, ,2, ,1,1,1,1.0,2, ,216, , , , ,0,0, , , , ,0,756,0, , , ,144,0,0, , , ,0,0,540, , , , , , ,0,0,0, , , , , , , ,97,0, , , , , , , , , ,216,0, ,0, ,144, ,0, , , ,97, , ,0, ,0, , , ,756,0, , ,0,0, , ,0,540, , , , , , ,0, , , , , ,0,0, , ,10,0,0,0,0,0,65.1615676879883,6570.0,0,54,CASERIO POMABAMBA,-78.4273986816406,-5.44626665115356,929
2022,5,5089,58.0,11,10202,7,7,2,3,20220512,1,1,2, ,3,3,0,0,0,0,1,1,4.0,5.0,4,3,1.0,2,2,2, ,46,1,2,2, , , , , , , , , , ,2, , , , , , , , , , ,2, , , , , , , , , , ,2, , , , , , , , , , , ,1,1,3,0.0,1,24, , ,1,1,2, ,7,1.0,0,0,0,0,0,1,0,0,0,0,1,0,1,0,6,0,1,0,1,0,1,1.0,0,0,0,0,1,0,0,0,1,0,1,1,0,0,6, , , , ,0, , , ,0, ,0,0, ,0,0, , , , ,35, , , ,25, ,5,0, , , , , , , ,0, , , , , , ,0, ,2,0,0,0,0,0,0,0,0,0,0,0,0,2,0,6.0,0,0.0,1,1.0,1.0,27,4,2022,11,5,2022,2, ,2, ,1,1,1,1.0,2, ,552, , , , ,0,0, ,72,0, , , , , , , , , , , , , ,0,420,0, , , , , , ,0,0,0, , , , , , , ,0,302, , , , ,0,60, , , ,552,0,72, , , , ,0, , , ,0, ,0,0, ,0, ,0, , , , , , , , , ,420,0, , , , , , ,302, , , ,60, ,0,0, , ,10,0,0,0,0,0,65.1615676879883,6570.0,0,54,CASERIO POMABAMBA,-78.4273986816406,-5.44626665115356,929
2022,5,5089,60.0,11,10202,7,7,2,3,20220513,1,1,2, ,4,3,0,0,0,0,1,1,7.0,6.0,4,2,1.0,2,2,2, ,27,2, ,2, , , , , , , , , , ,2, , , , , , , , , , ,2, , , , , , , , , , ,2, , , , , , , , , , , ,1,2,3,0.0,1,24, , ,1,6,2, ,9,0.375,0,0,0,0,0, ,0,0,0,0,1,0,1,0,6,0,1,0,0,0,1,0.375,0,0,0,0,1,0,0,0,1,0,0,1,0,0, , , ,12, ,0, , , ,10, , ,0, ,0, , , ,0, ,0, , , ,0, , ,0, , , , , ,0, ,42, , , , , , ,0, ,2,0,0,0,0,0,0,0,0,0,0,0,0,2,0,22.0,0,42.0,1,1.0,2.0,28,4,2022,12,5,2022,2, ,2, ,1,1,1,1.0,2, ,324, , , , ,0,0, , , , , , , , , , ,144,0,0, , , ,0,0,504, , , , , , ,0,0,0, , , , , , , ,121,0, , , , , , , , , ,324,0, , , ,144, ,0, , , ,121, , ,0, ,0, , , , , , , ,0,0, , ,0,504, , , , , , ,0, , , , , ,0,0, , ,9,0,0,0,0,0,65.1615676879883,6570.0,0,54,CASERIO POMABAMBA,-78.4273986816406,-5.44626665115356,929
2022,5,5089,61.0,11,10202,7,7,2,3,20220512,1,1,2,060801,3,3,0,1,0,1,0,1,4.0,5.0,4,2,1.0,2,2,2, ,23,2, ,2, , , , , , , , , , ,2, , , , , , , , , , ,2, , , , , , , , , , ,2, , , , , , , , , , , ,1,1,3,0.0,1,24, , ,1,1,2, ,4,1.0,0,0,0,0,0,1,0,1,0,0,1,0,1,0,6,0,1,1,1,0,1,1.0,1,0,0,0,1,0,0,0,1,1,1,1,0,0,26,20, , , ,0, , , ,30,25,5,0, ,0,0,0, , , ,0, , , ,0,0,0,0, , , ,0, , , ,42, , , , , , ,0, ,2,0,0,0,0,0,0,0,0,0,0,0,0,2,0,106.0,0,42.0,1,2.0,2.0,27,4,2022,11,5,2022,2, ,2, ,2,2,2,2.0,2, ,276, , , , ,0,0, ,312,0, ,240,0,0, , , , , , , , , ,0,0,504, , , , , , ,0,0,0, , , , , , , ,363,0, ,302,0, ,60,0, , , ,276,0,312,240, , , ,0, , , ,363,302,60,0, ,0, ,0, ,0,0, , , , , , ,0,504, , , , , , ,0, ,0, ,0, ,0,0, , ,4,0,0,0,0,0,65.1615676879883,6570.0,0,54,CASERIO POMABAMBA,-78.4273986816406,-5.44626665115356,929
2022,9,5103,69.0,11,10701,7,7,1,3,20220903,1,1,2, ,2,2,0,0,0,1,0,1,3.0,5.0,4,3,2.0,2,2,2, ,162,2, ,2, , , , , , , , , , ,2, , , , , , , , , , ,2, , , , , , , , , , ,2, , , , , , , , , , , ,1,2,3,0.0,1,6, , ,2,3,1,3,7,1.0,0,0,0,0,0,1,0,0,0,0,1,0,1,0,6,0,1,0,0,0,1,1.0,0,0,0,0,1,0,0,0,1,0,0,1,0, ,15, , , , ,0, , , ,40, , ,0, , ,0, , , , ,0, , , ,0, , ,0, , , , , , , ,0, , , , , , ,0, ,0,0,0,0,0,0,2,0,0,0,0,0,0,2,0,55.0,0,0.0,1,2.0,2.0,18,8,2022,1,9,2022,2, ,2, ,2,2,2,2.0,2, ,1926, , , , , , , ,178,0, , , , , , , , , , , , , ,0,0,0, , , , , , ,0,0,0, , , , , , , ,472,0, , , , , , , , , ,1926, ,178, , , , ,0, , , ,472, , ,0, , , ,0, , , , , , , , , ,0,0, , , , , , ,0, , , , , ,0,0, , ,10,0,0,0,0,0,55.1079559326172,6753.0,0,45,CASERIO SEÃ‘OR DE HUAMANTANGA,-78.3068466186523,-5.85191822052002,1030
2022,9,5103,70.0,11,10701,7,7,1,3,20220903,1,1,2,010701,3,3,0,0,0,1,0,1,3.0,5.0,4,5,2.0,2,2,2, ,41, , ,2, , , , , , , , , , ,2, , , , , , , , , , ,2, , , , , , , , , , ,2, , , , , , , , , , , ,1,2,3,0.0,2, ,1,1,1,3,1,3,7,1.0,0,0,0,0,0,1,0,0,0,0,1,0,1,0,6,0,1,0,0,0,1,1.0,0,0,0,0,1,0,0,0,1,0,0,1,0,12,5, , , , ,0, , , ,40, , ,0, ,0,0, , , , ,0, , , ,0, , ,0, , , , , , , ,0, , , , , , ,0, ,0,0,0,0,0,0,2,0,0,0,0,0,0,2,0,58.0,0,0.0,1,2.0,2.0,19,8,2022,2,9,2022,2, ,2, ,2,2,2,2.0,2, ,488, , , , ,143,0, ,59,0, , , , , , , , , , , , , ,0,0,0, , , , , , ,0,0,0, , , , , , , ,472,0, , , , , , , , , ,488,143,59, , , , ,0, , , ,472, , ,0, ,0, ,0, , , , , , , , , ,0,0, , , , , , ,0, , , , , ,0,0, , ,10,0,0,0,0,0,55.1079559326172,6753.0,0,45,CASERIO SEÃ‘OR DE HUAMANTANGA,-78.3068466186523,-5.85191822052002,1030
2022,9,5103,71.0,11,10701,7,7,1,3,20220902,1,1,2, ,3,3,0,0,0,1,0,1,3.0,6.0,4,5,3.0,2,2,2, ,83,2, ,2, , , , , , , , , , ,2, , , , , , , , , , ,2, , , , , , , , , , ,2, , , , , , , , , , , ,1,1,3,0.0,1,2, , ,2,3,1,3,7,1.0,0,0,0,0,0,1,0,1,0,0,1,0,1,0,6,0,1,1,0,0,1,1.0,1,0,0,0,1,0,0,0,1,1,0,1,0, ,10,35, , , ,0, , , ,20,20, ,0, , ,0,0, , , ,0, , , ,0,0, ,0, , , ,0, , , ,0, , , , , , ,0, ,0,0,0,0,0,0,2,0,0,0,0,0,0,2,0,86.0,0,0.0,1,2.0,2.0,18,8,2022,1,9,2022,2, ,2, ,2,2,2,2.0,2, ,987, , , , , , , ,119,0, ,416,0,0, , , , , , , , , ,0,0,0, , , , , , ,0,0,0, , , , , , , ,236,0, ,236,0, , , , , , ,987, ,119,416, , , ,0, , , ,236,236, ,0, , , ,0, ,0,0, , , , , , ,0,0, , , , , , ,0, ,0, , , ,0,0, , ,10,0,0,0,0,0,55.1079559326172,6753.0,0,45,CASERIO SEÃ‘OR DE HUAMANTANGA,-78.3068466186523,-5.85191822052002,1030
2022,9,5103,72.0,11,10701,7,7,1,3,20220903,1,1,2, ,3,1,0,1,0,0,0,1,3.0,6.0,4,4,3.0,2,2,2, ,41,2, ,2, , , , , , , , , , ,2, , , , , , , , , , ,2, , , , , , , , , , ,2, , , , , , , , , , , ,1,1,3,0.0,2, ,2,6,1,3,1,3,7,1.0,0,0,0,0,0,1,0,1,0,0,1,0,1,0,2,0,1,1,1,0,1,1.0,1,0,0,0,1,0,0,0,1,1,1,1,0,9,41,109, , , ,0, , , ,85,30,65,0, ,0,0,0, , , ,0, , , ,20,0,5,0, , , ,0, , , ,0, , , , , , ,0, ,0,0,0,0,0,0,2,0,0,0,0,0,0,2,0,340.0,0,0.0,1,2.0,2.0,18,8,2022,1,9,2022,2, ,2, ,1,1,1,2.0,2, ,488, , , , ,107,0, ,488,0, ,1296,0,0, , , , , , , , , ,0,0,0, , , , , , ,0,0,0, , , , , , , ,1004,236, ,354,0, ,767,59, , , ,488,107,488,1296, , , ,0, , , ,1004,354,767,0, ,0, ,0, ,0,0, , , , , , ,0,0, , , , , , ,236, ,0, ,59, ,0,0, , ,10,0,0,0,0,0,55.1079559326172,6753.0,0,45,CASERIO SEÃ‘OR DE HUAMANTANGA,-78.3068466186523,-5.85191822052002,1030
2022,9,5103,175.125,11,10701,7,7,1,3,20220902,1,1,2, ,3,3,0,1,0,1,0,1,3.0,6.0,4,2,2.0,2,2,2, ,32,2, ,2, , , , , , , , , , ,2, , , , , , , , , , ,2, , , , , , , , , , ,2, , , , , , , , , , , ,1,1,3,0.0,1,24, , ,1,3,1,3,5,1.0,0,0,0,0,0,1,0,1,0,0,1,0,1,0,6,0,1,0,0,0,1,1.0,1,0,0,0,1,0,0,0,1,0,0,1,0,4,5,27, , , ,0, , , ,10, , ,0, ,0,0,0, , , ,0, , , ,0, , ,0, , , ,0, , , ,39, , , , , , ,0, ,0,0,0,0,0,0,0,0,0,0,0,0,0,2,0,48.0,0,39.0,1,1.0,3.0,17,8,2022,31,8,2022,2, ,2, ,1,1,1,1.0,2, ,380, , , , ,48,0, ,59,0, ,321,0,0, , , , , , , , , ,0,0,464, , , , , , ,0,0,0, , , , , , , ,118,0, , , , , , , , , ,380,48,59,321, , , ,0, , , ,118, , ,0, ,0, ,0, ,0,0, , , , , , ,0,464, , , , , , ,0, , , , , ,0,0, , ,5,0,0,0,0,0,55.1079559326172,6753.0,0,45,CASERIO SEÃ‘OR DE HUAMANTANGA,-78.3068466186523,-5.85191822052002,1030
2022,9,5103,175.125,11,10701,7,7,1,3,20220901,1,1,2, ,3,3,0,1,0,1,0,1,3.0,6.0,4,1,0.0,2,2,2, ,23,2, ,2, , , , , , , , , , ,2, , , , , , , , , , ,2, , , , , , , , , , ,2, , , , , , , , , , , ,1, ,3,0.0, , , , ,1,3,2, ,7,1.0,0,0,0,0,0,1,0,0,0,0,0,0,0,0, ,0,1,0,0,0,1,1.0,0,0,0,0,0,0,0,0,1,0,0,0,0,0,2, , , , , , , , ,10, , , , ,0,0, , , , , , , , ,0, , , , , , , , , , , , , , , , , , , ,2,0,0,0,0,0,0,0,0,0,0,0,0,0,0,12.0,0,0.0,1,1.0,1.0,17,8,2022,31,8,2022,2, ,2, ,1,1,1,1.0,2, ,273, , , , ,0,0, ,24,0, , , , , , , , , , , , , , , , , , , , , , , , , , , , , , , , ,118,0, , , , , , , , , ,273,0,24, , , , , , , , ,118, , , , ,0, ,0, , , , , , , , , , , , , , , , , ,0, , , , , , , , , ,7,0,0,0,0,0,55.1079559326172,6753.0,0,45,CASERIO SEÃ‘OR DE HUAMANTANGA,-78.3068466186523,-5.85191822052002,1030
2022,9,5103,175.125,11,10701,7,7,1,3,20220901,1,1,2,150114,3,3,0,1,0,1,0,1,7.375,6.0,4,2,1.0,3,2,2, ,92,2, ,2, , , , , , , , , , ,2, , , , , , , , , , ,2, , , , , , , , , , ,2, , , , , , , , , , , ,1,2,3,0.0,1,9, , ,1,3,2, ,7,1.0,0,0,0,0,0,1,0,1,0,0,0,0,0,0,2,0,1,0,1,0,1,1.0,1,0,0,0,0,0,0,0,1,0,1,1,0,15,1,28, , , , , , , ,10, ,11,0, ,0,0,0, , , , , , , ,15, ,6,0, , , ,0, , , , , , , , , , ,0, ,0,0,0,0,0,0,0,0,0,0,0,0,0,2,0,67.0,0,0.0,1,2.0,2.0,17,8,2022,31,8,2022,2, ,2, ,2,2,2,2.0,2, ,1094, , , , ,178,0, ,12,0, ,333,0,0, , , , , , , , , , , , , , , , , , ,0,0,0, , , , , , , ,118,177, , , , ,130,71, , , ,1094,178,12,333, , , , , , , ,118, ,130,0, ,0, ,0, ,0,0, , , , , , , , , , , , , , ,177, , , ,71, ,0,0, , ,10,0,0,0,0,0,55.1079559326172,6753.0,0,45,CASERIO SEÃ‘OR DE HUAMANTANGA,-78.3068466186523,-5.85191822052002,1030
2022,5,5120,109.0,11,10705,7,7,3,3,20220519,1,1,2, ,3,1,0,1,0,1,0,1,4.0,5.0,4,7,3.5,2,2,2, ,46,1,1,2, , , , , , , , , , ,2, , , , , , , , , , ,2, , , , , , , , , , ,2, , , , , , , , , , , ,1,2,3,0.0,1,24, , ,1,1,2, ,1,1.0,0,0,0,0,0,1,0,1,0,0,1,0,1,0,6,0,1,1,0,0,1,1.0,1,0,0,0,1,0,0,0,1,1,0,1,0,0,14,9, , , ,0, , , ,10,23, ,0, ,0,0,0, , , ,0, , , ,20,0, ,0, , , ,0, , , ,42, , , , , , ,0, ,2,0,0,0,0,0,0,0,0,0,0,0,0,2,0,57.0,0,42.0,1,2.0,2.0,4,5,2022,18,5,2022,2, ,2, ,2,2,2,2.0,2, ,552, , , , ,0,0, ,168,0, ,108,0,0, , , , , , , , , ,0,0,504, , , , , , ,0,0,0, , , , , , , ,121,242, ,278,0, , , , , , ,552,0,168,108, , , ,0, , , ,121,278, ,0, ,0, ,0, ,0,0, , , , , , ,0,504, , , , , , ,242, ,0, , , ,0,0, , ,1,0,0,0,0,0,65.1615676879883,6874.0,0,50,CENTRO POBLADO MENOR TAMBOLIC,-78.2013854980469,-5.98514175415039,1608
2022,5,5120,110.0,11,10705,7,7,3,3,20220518,1,1,2, ,3,3,0,0,0,1,0,1,4.0,6.0,4,2,1.0,2,2,2, ,27,2, ,2, , , , , , , , , , ,2, , , , , , , , , , ,2, , , , , , , , , , ,2, , , , , , , , , , , ,1,1,3,0.0,1,24, , ,1,1,2, ,5,1.0,0,0,0,0,0,1,0,1,0,0,1,0,0,0,2,0,1,0,0,0,1,1.0,1,0,0,0,1,0,0,0,1,0,0,0,0,0,7,0, , , ,0, , , , , , , , ,0,0,58, , , ,13, , , , , , , , , , ,0, , , ,0, , , , , , , , ,2,0,0,0,0,0,0,0,0,0,0,0,0,0,0,7.0,0,0.0,1,1.0,1.0,3,5,2022,17,5,2022,2, ,2, ,1,1,1,1.0,2, ,324, , , , ,0,0, ,84,0, ,0,696,0, , , , , , , , , ,0,156,0, , , , , , , , , , , , , , , , , , , , , , , , , , , ,324,0,84,0, , , ,0, , , , , , , , ,0, ,0, ,696,0, , , , , , ,156,0, , , , , , , , , , , , , , , , ,5,0,0,0,0,0,65.1615676879883,6874.0,0,50,CENTRO POBLADO MENOR TAMBOLIC,-78.2013854980469,-5.98514175415039,1608
2022,5,5120,111.0,11,10705,7,7,3,3,20220519,1,2,2,150106,3,3,0,1,0,1,0,1,4.0,6.0,4,3,0.0,2,2,2, ,46,2, ,2, , , , , , , , , , ,2, , , , , , , , , , ,2, , , , , , , , , , ,2, , , , , , , , , , , ,1,1,3,0.0,1,24, , ,1,3,2, ,5,1.0,0,0,0,0,0,1,0,1,0,0,1,0,0,0,2,0,1,0,0,0,1,1.0,1,0,0,0,1,0,0,0,1,0,0,0,0,0,8,40, , , ,0, , , ,15, , , , ,0,0,0, , , ,0, , , ,0, , , , , , ,0, , , ,0, , , , , , , , ,2,0,0,0,0,0,2,0,0,0,0,0,0,0,0,64.0,0,0.0,1,2.0,2.0,4,5,2022,18,5,2022,2, ,2, ,2,2,2,2.0,2, ,552, , , , ,0,0, ,96,0, ,480,0,0, , , , , , , , , ,0,0,0, , , , , , , , , , , , , , , , ,181,0, , , , , , , , , ,552,0,96,480, , , ,0, , , ,181, , , , ,0, ,0, ,0,0, , , , , , ,0,0, , , , , , ,0, , , , , , , , , ,5,0,0,0,0,0,65.1615676879883,6874.0,0,50,CENTRO POBLADO MENOR TAMBOLIC,-78.2013854980469,-5.98514175415039,1608
